level,author_frac,post_frac
Very Low,0.00234192037470726,0.04442508710801394
Very Low,0.00468384074941452,0.08536585365853659
Very Low,0.00702576112412178,0.11498257839721254
Very Low,0.00936768149882904,0.13850174216027875
Very Low,0.0117096018735363,0.16114982578397213
Very Low,0.01405152224824356,0.1803135888501742
Very Low,0.01639344262295082,0.1951219512195122
Very Low,0.01873536299765808,0.20818815331010454
Very Low,0.02107728337236534,0.22038327526132404
Very Low,0.0234192037470726,0.23257839721254356
Very Low,0.02576112412177986,0.24390243902439024
Very Low,0.02810304449648712,0.25522648083623695
Very Low,0.03044496487119438,0.2665505226480836
Very Low,0.03278688524590164,0.2770034843205575
Very Low,0.0351288056206089,0.2857142857142857
Very Low,0.03747072599531616,0.2935540069686411
Very Low,0.03981264637002342,0.30139372822299654
Very Low,0.04215456674473068,0.30923344947735193
Very Low,0.04449648711943794,0.3170731707317073
Very Low,0.0468384074941452,0.3240418118466899
Very Low,0.04918032786885246,0.3310104529616725
Very Low,0.05152224824355972,0.33797909407665505
Very Low,0.053864168618266976,0.34494773519163763
Very Low,0.05620608899297424,0.3519163763066202
Very Low,0.0585480093676815,0.3588850174216028
Very Low,0.06088992974238876,0.36498257839721254
Very Low,0.06323185011709602,0.3710801393728223
Very Low,0.06557377049180328,0.37717770034843207
Very Low,0.06791569086651054,0.3832752613240418
Very Low,0.0702576112412178,0.3893728222996516
Very Low,0.07259953161592506,0.39547038327526135
Very Low,0.07494145199063232,0.40069686411149824
Very Low,0.07728337236533958,0.4059233449477352
Very Low,0.07962529274004684,0.41114982578397213
Very Low,0.08196721311475409,0.4163763066202091
Very Low,0.08430913348946135,0.42160278745644597
Very Low,0.08665105386416862,0.4268292682926829
Very Low,0.08899297423887588,0.43118466898954705
Very Low,0.09133489461358314,0.4355400696864111
Very Low,0.0936768149882904,0.43989547038327526
Very Low,0.09601873536299765,0.4442508710801394
Very Low,0.09836065573770492,0.44860627177700346
Very Low,0.10070257611241218,0.4529616724738676
Very Low,0.10304449648711944,0.4573170731707317
Very Low,0.1053864168618267,0.4616724738675958
Very Low,0.10772833723653395,0.46602787456445993
Very Low,0.11007025761124122,0.47038327526132406
Very Low,0.11241217798594848,0.47473867595818814
Very Low,0.11475409836065574,0.47909407665505227
Very Low,0.117096018735363,0.4834494773519164
Very Low,0.11943793911007025,0.4878048780487805
Very Low,0.12177985948477751,0.4921602787456446
Very Low,0.12412177985948478,0.49564459930313587
Very Low,0.12646370023419204,0.4991289198606272
Very Low,0.1288056206088993,0.5026132404181185
Very Low,0.13114754098360656,0.5060975609756098
Very Low,0.13348946135831383,0.509581881533101
Very Low,0.1358313817330211,0.5130662020905923
Very Low,0.13817330210772832,0.5165505226480837
Very Low,0.1405152224824356,0.5200348432055749
Very Low,0.14285714285714285,0.5235191637630662
Very Low,0.1451990632318501,0.5270034843205574
Very Low,0.14754098360655737,0.5304878048780488
Very Low,0.14988290398126464,0.5339721254355401
Very Low,0.1522248243559719,0.5374564459930313
Very Low,0.15456674473067916,0.5409407665505227
Very Low,0.15690866510538642,0.544425087108014
Very Low,0.1592505854800937,0.5479094076655052
Very Low,0.16159250585480095,0.5513937282229965
Very Low,0.16393442622950818,0.5548780487804879
Very Low,0.16627634660421545,0.5583623693379791
Very Low,0.1686182669789227,0.5618466898954704
Very Low,0.17096018735362997,0.5653310104529616
Very Low,0.17330210772833723,0.568815331010453
Very Low,0.1756440281030445,0.5714285714285714
Very Low,0.17798594847775176,0.5740418118466899
Very Low,0.18032786885245902,0.5766550522648084
Very Low,0.18266978922716628,0.5792682926829268
Very Low,0.18501170960187355,0.5818815331010453
Very Low,0.1873536299765808,0.5844947735191638
Very Low,0.18969555035128804,0.5871080139372822
Very Low,0.1920374707259953,0.5897212543554007
Very Low,0.19437939110070257,0.5923344947735192
Very Low,0.19672131147540983,0.5949477351916377
Very Low,0.1990632318501171,0.5975609756097561
Very Low,0.20140515222482436,0.6001742160278746
Very Low,0.20374707259953162,0.6027874564459931
Very Low,0.20608899297423888,0.6054006968641115
Very Low,0.20843091334894615,0.60801393728223
Very Low,0.2107728337236534,0.6106271777003485
Very Low,0.21311475409836064,0.6132404181184669
Very Low,0.2154566744730679,0.6158536585365854
Very Low,0.21779859484777517,0.6184668989547039
Very Low,0.22014051522248243,0.6210801393728222
Very Low,0.2224824355971897,0.6236933797909407
Very Low,0.22482435597189696,0.6263066202090593
Very Low,0.22716627634660422,0.6289198606271778
Very Low,0.22950819672131148,0.6315331010452961
Very Low,0.23185011709601874,0.6341463414634146
Very Low,0.234192037470726,0.6367595818815331
Very Low,0.23653395784543327,0.6393728222996515
Very Low,0.2388758782201405,0.64198606271777
Very Low,0.24121779859484777,0.6445993031358885
Very Low,0.24355971896955503,0.6472125435540069
Very Low,0.2459016393442623,0.6498257839721254
Very Low,0.24824355971896955,0.6524390243902439
Very Low,0.2505854800936768,0.6550522648083623
Very Low,0.2529274004683841,0.6576655052264808
Very Low,0.25526932084309134,0.6602787456445993
Very Low,0.2576112412177986,0.6628919860627178
Very Low,0.25995316159250587,0.6655052264808362
Very Low,0.26229508196721313,0.6681184668989547
Very Low,0.2646370023419204,0.6707317073170732
Very Low,0.26697892271662765,0.6733449477351916
Very Low,0.2693208430913349,0.6759581881533101
Very Low,0.2716627634660422,0.6777003484320557
Very Low,0.27400468384074944,0.6794425087108014
Very Low,0.27634660421545665,0.681184668989547
Very Low,0.2786885245901639,0.6829268292682927
Very Low,0.2810304449648712,0.6846689895470384
Very Low,0.28337236533957844,0.686411149825784
Very Low,0.2857142857142857,0.6881533101045296
Very Low,0.28805620608899296,0.6898954703832753
Very Low,0.2903981264637002,0.6916376306620209
Very Low,0.2927400468384075,0.6933797909407665
Very Low,0.29508196721311475,0.6951219512195121
Very Low,0.297423887587822,0.6968641114982579
Very Low,0.2997658079625293,0.6986062717770035
Very Low,0.30210772833723654,0.7003484320557491
Very Low,0.3044496487119438,0.7020905923344948
Very Low,0.30679156908665106,0.7038327526132404
Very Low,0.3091334894613583,0.705574912891986
Very Low,0.3114754098360656,0.7073170731707317
Very Low,0.31381733021077285,0.7090592334494773
Very Low,0.3161592505854801,0.710801393728223
Very Low,0.3185011709601874,0.7125435540069687
Very Low,0.32084309133489464,0.7142857142857143
Very Low,0.3231850117096019,0.7160278745644599
Very Low,0.3255269320843091,0.7177700348432056
Very Low,0.32786885245901637,0.7195121951219512
Very Low,0.33021077283372363,0.7212543554006968
Very Low,0.3325526932084309,0.7229965156794426
Very Low,0.33489461358313816,0.7247386759581882
Very Low,0.3372365339578454,0.7264808362369338
Very Low,0.3395784543325527,0.7282229965156795
Very Low,0.34192037470725994,0.7299651567944251
Very Low,0.3442622950819672,0.7317073170731707
Very Low,0.34660421545667447,0.7334494773519163
Very Low,0.34894613583138173,0.735191637630662
Very Low,0.351288056206089,0.7369337979094077
Very Low,0.35362997658079626,0.7386759581881533
Very Low,0.3559718969555035,0.740418118466899
Very Low,0.3583138173302108,0.7421602787456446
Very Low,0.36065573770491804,0.7439024390243902
Very Low,0.3629976580796253,0.7456445993031359
Very Low,0.36533957845433257,0.7473867595818815
Very Low,0.36768149882903983,0.7491289198606271
Very Low,0.3700234192037471,0.7508710801393729
Very Low,0.37236533957845436,0.7526132404181185
Very Low,0.3747072599531616,0.7543554006968641
Very Low,0.3770491803278688,0.7560975609756098
Very Low,0.3793911007025761,0.7578397212543554
Very Low,0.38173302107728335,0.759581881533101
Very Low,0.3840749414519906,0.7613240418118467
Very Low,0.3864168618266979,0.7630662020905923
Very Low,0.38875878220140514,0.764808362369338
Very Low,0.3911007025761124,0.7665505226480837
Very Low,0.39344262295081966,0.7682926829268293
Very Low,0.3957845433255269,0.7700348432055749
Very Low,0.3981264637002342,0.7717770034843205
Very Low,0.40046838407494145,0.7735191637630662
Very Low,0.4028103044496487,0.7752613240418118
Very Low,0.405152224824356,0.7770034843205574
Very Low,0.40749414519906324,0.7787456445993032
Very Low,0.4098360655737705,0.7804878048780488
Very Low,0.41217798594847777,0.7813588850174216
Very Low,0.41451990632318503,0.7822299651567944
Very Low,0.4168618266978923,0.7831010452961672
Very Low,0.41920374707259955,0.7839721254355401
Very Low,0.4215456674473068,0.7848432055749129
Very Low,0.4238875878220141,0.7857142857142857
Very Low,0.4262295081967213,0.7865853658536586
Very Low,0.42857142857142855,0.7874564459930313
Very Low,0.4309133489461358,0.7883275261324042
Very Low,0.4332552693208431,0.789198606271777
Very Low,0.43559718969555034,0.7900696864111498
Very Low,0.4379391100702576,0.7909407665505227
Very Low,0.44028103044496486,0.7918118466898955
Very Low,0.4426229508196721,0.7926829268292683
Very Low,0.4449648711943794,0.7935540069686411
Very Low,0.44730679156908665,0.794425087108014
Very Low,0.4496487119437939,0.7952961672473867
Very Low,0.4519906323185012,0.7961672473867596
Very Low,0.45433255269320844,0.7970383275261324
Very Low,0.4566744730679157,0.7979094076655052
Very Low,0.45901639344262296,0.7987804878048781
Very Low,0.4613583138173302,0.7996515679442509
Very Low,0.4637002341920375,0.8005226480836237
Very Low,0.46604215456674475,0.8013937282229965
Very Low,0.468384074941452,0.8022648083623694
Very Low,0.4707259953161593,0.8031358885017421
Very Low,0.47306791569086654,0.804006968641115
Very Low,0.47540983606557374,0.8048780487804879
Very Low,0.477751756440281,0.8057491289198606
Very Low,0.48009367681498827,0.8066202090592335
Very Low,0.48243559718969553,0.8074912891986062
Very Low,0.4847775175644028,0.8083623693379791
Very Low,0.48711943793911006,0.8092334494773519
Very Low,0.4894613583138173,0.8101045296167247
Very Low,0.4918032786885246,0.8109756097560976
Very Low,0.49414519906323184,0.8118466898954704
Very Low,0.4964871194379391,0.8127177700348432
Very Low,0.49882903981264637,0.813588850174216
Very Low,0.5011709601873536,0.8144599303135889
Very Low,0.5035128805620609,0.8153310104529616
Very Low,0.5058548009367682,0.8162020905923345
Very Low,0.5081967213114754,0.8170731707317073
Very Low,0.5105386416861827,0.8179442508710801
Very Low,0.5128805620608899,0.818815331010453
Very Low,0.5152224824355972,0.8196864111498258
Very Low,0.5175644028103045,0.8205574912891986
Very Low,0.5199063231850117,0.8214285714285714
Very Low,0.522248243559719,0.8222996515679443
Very Low,0.5245901639344263,0.823170731707317
Very Low,0.5269320843091335,0.8240418118466899
Very Low,0.5292740046838408,0.8249128919860628
Very Low,0.531615925058548,0.8257839721254355
Very Low,0.5339578454332553,0.8266550522648084
Very Low,0.5362997658079626,0.8275261324041812
Very Low,0.5386416861826698,0.828397212543554
Very Low,0.5409836065573771,0.8292682926829268
Very Low,0.5433255269320844,0.8301393728222997
Very Low,0.5456674473067916,0.8310104529616724
Very Low,0.5480093676814989,0.8318815331010453
Very Low,0.550351288056206,0.8327526132404182
Very Low,0.5526932084309133,0.8336236933797909
Very Low,0.5550351288056206,0.8344947735191638
Very Low,0.5573770491803278,0.8353658536585366
Very Low,0.5597189695550351,0.8362369337979094
Very Low,0.5620608899297423,0.8371080139372822
Very Low,0.5644028103044496,0.837979094076655
Very Low,0.5667447306791569,0.8388501742160279
Very Low,0.5690866510538641,0.8397212543554007
Very Low,0.5714285714285714,0.8405923344947736
Very Low,0.5737704918032787,0.8414634146341463
Very Low,0.5761124121779859,0.8423344947735192
Very Low,0.5784543325526932,0.8432055749128919
Very Low,0.5807962529274004,0.8440766550522648
Very Low,0.5831381733021077,0.8449477351916377
Very Low,0.585480093676815,0.8458188153310104
Very Low,0.5878220140515222,0.8466898954703833
Very Low,0.5901639344262295,0.8475609756097561
Very Low,0.5925058548009368,0.8484320557491289
Very Low,0.594847775175644,0.8493031358885017
Very Low,0.5971896955503513,0.8501742160278746
Very Low,0.5995316159250585,0.8510452961672473
Very Low,0.6018735362997658,0.8519163763066202
Very Low,0.6042154566744731,0.8527874564459931
Very Low,0.6065573770491803,0.8536585365853658
Very Low,0.6088992974238876,0.8545296167247387
Very Low,0.6112412177985949,0.8554006968641115
Very Low,0.6135831381733021,0.8562717770034843
Very Low,0.6159250585480094,0.8571428571428571
Very Low,0.6182669789227166,0.85801393728223
Very Low,0.6206088992974239,0.8588850174216028
Very Low,0.6229508196721312,0.8597560975609756
Very Low,0.6252927400468384,0.8606271777003485
Very Low,0.6276346604215457,0.8614982578397212
Very Low,0.629976580796253,0.8623693379790941
Very Low,0.6323185011709602,0.8632404181184669
Very Low,0.6346604215456675,0.8641114982578397
Very Low,0.6370023419203747,0.8649825783972126
Very Low,0.639344262295082,0.8658536585365854
Very Low,0.6416861826697893,0.8667247386759582
Very Low,0.6440281030444965,0.867595818815331
Very Low,0.6463700234192038,0.8684668989547039
Very Low,0.6487119437939111,0.8693379790940766
Very Low,0.6510538641686182,0.8702090592334495
Very Low,0.6533957845433255,0.8710801393728222
Very Low,0.6557377049180327,0.8719512195121951
Very Low,0.65807962529274,0.872822299651568
Very Low,0.6604215456674473,0.8736933797909407
Very Low,0.6627634660421545,0.8745644599303136
Very Low,0.6651053864168618,0.8754355400696864
Very Low,0.667447306791569,0.8763066202090593
Very Low,0.6697892271662763,0.877177700348432
Very Low,0.6721311475409836,0.8780487804878049
Very Low,0.6744730679156908,0.8789198606271778
Very Low,0.6768149882903981,0.8797909407665505
Very Low,0.6791569086651054,0.8806620209059234
Very Low,0.6814988290398126,0.8815331010452961
Very Low,0.6838407494145199,0.882404181184669
Very Low,0.6861826697892272,0.8832752613240418
Very Low,0.6885245901639344,0.8841463414634146
Very Low,0.6908665105386417,0.8850174216027874
Very Low,0.6932084309133489,0.8858885017421603
Very Low,0.6955503512880562,0.8867595818815331
Very Low,0.6978922716627635,0.8876306620209059
Very Low,0.7002341920374707,0.8885017421602788
Very Low,0.702576112412178,0.8893728222996515
Very Low,0.7049180327868853,0.8902439024390244
Very Low,0.7072599531615925,0.8911149825783972
Very Low,0.7096018735362998,0.89198606271777
Very Low,0.711943793911007,0.8928571428571429
Very Low,0.7142857142857143,0.8937282229965157
Very Low,0.7166276346604216,0.8945993031358885
Very Low,0.7189695550351288,0.8954703832752613
Very Low,0.7213114754098361,0.8963414634146342
Very Low,0.7236533957845434,0.8972125435540069
Very Low,0.7259953161592506,0.8980836236933798
Very Low,0.7283372365339579,0.8989547038327527
Very Low,0.7306791569086651,0.8998257839721254
Very Low,0.7330210772833724,0.9006968641114983
Very Low,0.7353629976580797,0.9015679442508711
Very Low,0.7377049180327869,0.9024390243902439
Very Low,0.7400468384074942,0.9033101045296167
Very Low,0.7423887587822015,0.9041811846689896
Very Low,0.7447306791569087,0.9050522648083623
Very Low,0.747072599531616,0.9059233449477352
Very Low,0.7494145199063232,0.9067944250871081
Very Low,0.7517564402810304,0.9076655052264808
Very Low,0.7540983606557377,0.9085365853658537
Very Low,0.7564402810304449,0.9094076655052264
Very Low,0.7587822014051522,0.9102787456445993
Very Low,0.7611241217798594,0.9111498257839721
Very Low,0.7634660421545667,0.912020905923345
Very Low,0.765807962529274,0.9128919860627178
Very Low,0.7681498829039812,0.9137630662020906
Very Low,0.7704918032786885,0.9146341463414634
Very Low,0.7728337236533958,0.9155052264808362
Very Low,0.775175644028103,0.9163763066202091
Very Low,0.7775175644028103,0.9172473867595818
Very Low,0.7798594847775175,0.9181184668989547
Very Low,0.7822014051522248,0.9189895470383276
Very Low,0.7845433255269321,0.9198606271777003
Very Low,0.7868852459016393,0.9207317073170732
Very Low,0.7892271662763466,0.921602787456446
Very Low,0.7915690866510539,0.9224738675958188
Very Low,0.7939110070257611,0.9233449477351916
Very Low,0.7962529274004684,0.9242160278745645
Very Low,0.7985948477751756,0.9250871080139372
Very Low,0.8009367681498829,0.9259581881533101
Very Low,0.8032786885245902,0.926829268292683
Very Low,0.8056206088992974,0.9277003484320557
Very Low,0.8079625292740047,0.9285714285714286
Very Low,0.810304449648712,0.9294425087108014
Very Low,0.8126463700234192,0.9303135888501742
Very Low,0.8149882903981265,0.931184668989547
Very Low,0.8173302107728337,0.9320557491289199
Very Low,0.819672131147541,0.9329268292682927
Very Low,0.8220140515222483,0.9337979094076655
Very Low,0.8243559718969555,0.9346689895470384
Very Low,0.8266978922716628,0.9355400696864111
Very Low,0.8290398126463701,0.936411149825784
Very Low,0.8313817330210773,0.9372822299651568
Very Low,0.8337236533957846,0.9381533101045296
Very Low,0.8360655737704918,0.9390243902439024
Very Low,0.8384074941451991,0.9398954703832753
Very Low,0.8407494145199064,0.9407665505226481
Very Low,0.8430913348946136,0.9416376306620209
Very Low,0.8454332552693209,0.9425087108013938
Very Low,0.8477751756440282,0.9433797909407665
Very Low,0.8501170960187353,0.9442508710801394
Very Low,0.8524590163934426,0.9451219512195121
Very Low,0.8548009367681498,0.945993031358885
Very Low,0.8571428571428571,0.9468641114982579
Very Low,0.8594847775175644,0.9477351916376306
Very Low,0.8618266978922716,0.9486062717770035
Very Low,0.8641686182669789,0.9494773519163763
Very Low,0.8665105386416861,0.9503484320557491
Very Low,0.8688524590163934,0.9512195121951219
Very Low,0.8711943793911007,0.9520905923344948
Very Low,0.8735362997658079,0.9529616724738676
Very Low,0.8758782201405152,0.9538327526132404
Very Low,0.8782201405152225,0.9547038327526133
Very Low,0.8805620608899297,0.955574912891986
Very Low,0.882903981264637,0.9564459930313589
Very Low,0.8852459016393442,0.9573170731707317
Very Low,0.8875878220140515,0.9581881533101045
Very Low,0.8899297423887588,0.9590592334494773
Very Low,0.892271662763466,0.9599303135888502
Very Low,0.8946135831381733,0.960801393728223
Very Low,0.8969555035128806,0.9616724738675958
Very Low,0.8992974238875878,0.9625435540069687
Very Low,0.9016393442622951,0.9634146341463414
Very Low,0.9039812646370023,0.9642857142857143
Very Low,0.9063231850117096,0.9651567944250871
Very Low,0.9086651053864169,0.9660278745644599
Very Low,0.9110070257611241,0.9668989547038328
Very Low,0.9133489461358314,0.9677700348432056
Very Low,0.9156908665105387,0.9686411149825784
Very Low,0.9180327868852459,0.9695121951219512
Very Low,0.9203747072599532,0.9703832752613241
Very Low,0.9227166276346604,0.9712543554006968
Very Low,0.9250585480093677,0.9721254355400697
Very Low,0.927400468384075,0.9729965156794426
Very Low,0.9297423887587822,0.9738675958188153
Very Low,0.9320843091334895,0.9747386759581882
Very Low,0.9344262295081968,0.975609756097561
Very Low,0.936768149882904,0.9764808362369338
Very Low,0.9391100702576113,0.9773519163763066
Very Low,0.9414519906323185,0.9782229965156795
Very Low,0.9437939110070258,0.9790940766550522
Very Low,0.9461358313817331,0.9799651567944251
Very Low,0.9484777517564403,0.980836236933798
Very Low,0.9508196721311475,0.9817073170731707
Very Low,0.9531615925058547,0.9825783972125436
Very Low,0.955503512880562,0.9834494773519163
Very Low,0.9578454332552693,0.9843205574912892
Very Low,0.9601873536299765,0.985191637630662
Very Low,0.9625292740046838,0.9860627177700348
Very Low,0.9648711943793911,0.9869337979094077
Very Low,0.9672131147540983,0.9878048780487805
Very Low,0.9695550351288056,0.9886759581881533
Very Low,0.9718969555035128,0.9895470383275261
Very Low,0.9742388758782201,0.990418118466899
Very Low,0.9765807962529274,0.9912891986062717
Very Low,0.9789227166276346,0.9921602787456446
Very Low,0.9812646370023419,0.9930313588850174
Very Low,0.9836065573770492,0.9939024390243902
Very Low,0.9859484777517564,0.9947735191637631
Very Low,0.9882903981264637,0.9956445993031359
Very Low,0.990632318501171,0.9965156794425087
Very Low,0.9929742388758782,0.9973867595818815
Very Low,0.9953161592505855,0.9982578397212544
Very Low,0.9976580796252927,0.9991289198606271
Very Low,1.0,1.0
Low,0.0018050541516245488,0.06707317073170732
Low,0.0036101083032490976,0.1297909407665505
Low,0.005415162454873646,0.15156794425087108
Low,0.007220216606498195,0.16898954703832753
Low,0.009025270758122744,0.18641114982578397
Low,0.010830324909747292,0.20209059233449478
Low,0.01263537906137184,0.21341463414634146
Low,0.01444043321299639,0.22386759581881532
Low,0.016245487364620937,0.23257839721254356
Low,0.018050541516245487,0.24128919860627177
Low,0.019855595667870037,0.25
Low,0.021660649819494584,0.2587108013937282
Low,0.023465703971119134,0.26742160278745647
Low,0.02527075812274368,0.27439024390243905
Low,0.02707581227436823,0.2804878048780488
Low,0.02888086642599278,0.2865853658536585
Low,0.030685920577617327,0.2926829268292683
Low,0.032490974729241874,0.2979094076655052
Low,0.03429602888086643,0.30313588850174217
Low,0.036101083032490974,0.3083623693379791
Low,0.03790613718411552,0.313588850174216
Low,0.039711191335740074,0.31794425087108014
Low,0.04151624548736462,0.32229965156794427
Low,0.04332129963898917,0.32665505226480834
Low,0.04512635379061372,0.3310104529616725
Low,0.04693140794223827,0.3353658536585366
Low,0.048736462093862815,0.3397212543554007
Low,0.05054151624548736,0.3440766550522648
Low,0.052346570397111915,0.34843205574912894
Low,0.05415162454873646,0.352787456445993
Low,0.05595667870036101,0.35714285714285715
Low,0.05776173285198556,0.3614982578397213
Low,0.05956678700361011,0.36585365853658536
Low,0.061371841155234655,0.3702090592334495
Low,0.0631768953068592,0.37456445993031356
Low,0.06498194945848375,0.3789198606271777
Low,0.06678700361010831,0.3832752613240418
Low,0.06859205776173286,0.3876306620209059
Low,0.0703971119133574,0.3911149825783972
Low,0.07220216606498195,0.3945993031358885
Low,0.0740072202166065,0.3980836236933798
Low,0.07581227436823104,0.40156794425087106
Low,0.0776173285198556,0.40505226480836237
Low,0.07942238267148015,0.40853658536585363
Low,0.0812274368231047,0.41202090592334495
Low,0.08303249097472924,0.4155052264808362
Low,0.08483754512635379,0.4189895470383275
Low,0.08664259927797834,0.42247386759581884
Low,0.08844765342960288,0.4259581881533101
Low,0.09025270758122744,0.4294425087108014
Low,0.09205776173285199,0.4329268292682927
Low,0.09386281588447654,0.436411149825784
Low,0.09566787003610108,0.43989547038327526
Low,0.09747292418772563,0.44337979094076657
Low,0.09927797833935018,0.445993031358885
Low,0.10108303249097472,0.44860627177700346
Low,0.10288808664259928,0.45121951219512196
Low,0.10469314079422383,0.4538327526132404
Low,0.10649819494584838,0.4564459930313589
Low,0.10830324909747292,0.45905923344947736
Low,0.11010830324909747,0.4616724738675958
Low,0.11191335740072202,0.4642857142857143
Low,0.11371841155234658,0.46689895470383275
Low,0.11552346570397112,0.4695121951219512
Low,0.11732851985559567,0.4721254355400697
Low,0.11913357400722022,0.47473867595818814
Low,0.12093862815884476,0.47735191637630664
Low,0.12274368231046931,0.4799651567944251
Low,0.12454873646209386,0.48257839721254353
Low,0.1263537906137184,0.48519163763066203
Low,0.12815884476534295,0.4878048780487805
Low,0.1299638989169675,0.490418118466899
Low,0.13176895306859207,0.4930313588850174
Low,0.13357400722021662,0.49564459930313587
Low,0.13537906137184116,0.49825783972125437
Low,0.1371841155234657,0.5008710801393729
Low,0.13898916967509026,0.5034843205574913
Low,0.1407942238267148,0.5060975609756098
Low,0.14259927797833935,0.5087108013937283
Low,0.1444043321299639,0.5113240418118467
Low,0.14620938628158844,0.5139372822299652
Low,0.148014440433213,0.5165505226480837
Low,0.14981949458483754,0.519163763066202
Low,0.15162454873646208,0.5217770034843205
Low,0.15342960288808663,0.5235191637630662
Low,0.1552346570397112,0.5252613240418118
Low,0.15703971119133575,0.5270034843205574
Low,0.1588447653429603,0.5287456445993032
Low,0.16064981949458484,0.5304878048780488
Low,0.1624548736462094,0.5322299651567944
Low,0.16425992779783394,0.5339721254355401
Low,0.16606498194945848,0.5357142857142857
Low,0.16787003610108303,0.5374564459930313
Low,0.16967509025270758,0.539198606271777
Low,0.17148014440433212,0.5409407665505227
Low,0.17328519855595667,0.5426829268292683
Low,0.17509025270758122,0.544425087108014
Low,0.17689530685920576,0.5461672473867596
Low,0.17870036101083034,0.5479094076655052
Low,0.18050541516245489,0.5496515679442509
Low,0.18231046931407943,0.5513937282229965
Low,0.18411552346570398,0.5531358885017421
Low,0.18592057761732853,0.5548780487804879
Low,0.18772563176895307,0.5566202090592335
Low,0.18953068592057762,0.5583623693379791
Low,0.19133574007220217,0.5601045296167247
Low,0.1931407942238267,0.5618466898954704
Low,0.19494584837545126,0.563588850174216
Low,0.1967509025270758,0.5653310104529616
Low,0.19855595667870035,0.5670731707317073
Low,0.2003610108303249,0.568815331010453
Low,0.20216606498194944,0.5705574912891986
Low,0.20397111913357402,0.5722996515679443
Low,0.20577617328519857,0.5740418118466899
Low,0.2075812274368231,0.5757839721254355
Low,0.20938628158844766,0.5775261324041812
Low,0.2111913357400722,0.5792682926829268
Low,0.21299638989169675,0.5810104529616724
Low,0.2148014440433213,0.5827526132404182
Low,0.21660649819494585,0.5844947735191638
Low,0.2184115523465704,0.5862369337979094
Low,0.22021660649819494,0.587979094076655
Low,0.22202166064981949,0.5897212543554007
Low,0.22382671480144403,0.5914634146341463
Low,0.22563176895306858,0.5932055749128919
Low,0.22743682310469315,0.5949477351916377
Low,0.2292418772563177,0.5966898954703833
Low,0.23104693140794225,0.5984320557491289
Low,0.2328519855595668,0.6001742160278746
Low,0.23465703971119134,0.6019163763066202
Low,0.2364620938628159,0.6036585365853658
Low,0.23826714801444043,0.6054006968641115
Low,0.24007220216606498,0.6071428571428571
Low,0.24187725631768953,0.6088850174216028
Low,0.24368231046931407,0.6106271777003485
Low,0.24548736462093862,0.6123693379790941
Low,0.24729241877256317,0.6141114982578397
Low,0.2490974729241877,0.6158536585365854
Low,0.2509025270758123,0.617595818815331
Low,0.2527075812274368,0.6193379790940766
Low,0.2545126353790614,0.6210801393728222
Low,0.2563176895306859,0.622822299651568
Low,0.2581227436823105,0.6245644599303136
Low,0.259927797833935,0.6263066202090593
Low,0.26173285198555957,0.6280487804878049
Low,0.26353790613718414,0.6297909407665505
Low,0.26534296028880866,0.6315331010452961
Low,0.26714801444043323,0.6332752613240418
Low,0.26895306859205775,0.6350174216027874
Low,0.27075812274368233,0.6367595818815331
Low,0.27256317689530685,0.6385017421602788
Low,0.2743682310469314,0.6402439024390244
Low,0.27617328519855594,0.64198606271777
Low,0.2779783393501805,0.6437282229965157
Low,0.27978339350180503,0.6454703832752613
Low,0.2815884476534296,0.6472125435540069
Low,0.2833935018050541,0.6489547038327527
Low,0.2851985559566787,0.6506968641114983
Low,0.2870036101083033,0.6524390243902439
Low,0.2888086642599278,0.6541811846689896
Low,0.29061371841155237,0.6559233449477352
Low,0.2924187725631769,0.6576655052264808
Low,0.29422382671480146,0.6594076655052264
Low,0.296028880866426,0.6602787456445993
Low,0.29783393501805056,0.6611498257839721
Low,0.2996389891696751,0.662020905923345
Low,0.30144404332129965,0.6628919860627178
Low,0.30324909747292417,0.6637630662020906
Low,0.30505415162454874,0.6646341463414634
Low,0.30685920577617326,0.6655052264808362
Low,0.30866425992779783,0.6663763066202091
Low,0.3104693140794224,0.6672473867595818
Low,0.31227436823104693,0.6681184668989547
Low,0.3140794223826715,0.6689895470383276
Low,0.315884476534296,0.6698606271777003
Low,0.3176895306859206,0.6707317073170732
Low,0.3194945848375451,0.671602787456446
Low,0.3212996389891697,0.6724738675958188
Low,0.3231046931407942,0.6733449477351916
Low,0.3249097472924188,0.6742160278745645
Low,0.3267148014440433,0.6750871080139372
Low,0.3285198555956679,0.6759581881533101
Low,0.3303249097472924,0.676829268292683
Low,0.33212996389891697,0.6777003484320557
Low,0.33393501805054154,0.6785714285714286
Low,0.33574007220216606,0.6794425087108014
Low,0.33754512635379064,0.6803135888501742
Low,0.33935018050541516,0.681184668989547
Low,0.34115523465703973,0.6820557491289199
Low,0.34296028880866425,0.6829268292682927
Low,0.3447653429602888,0.6837979094076655
Low,0.34657039711191334,0.6846689895470384
Low,0.3483754512635379,0.6855400696864111
Low,0.35018050541516244,0.686411149825784
Low,0.351985559566787,0.6872822299651568
Low,0.35379061371841153,0.6881533101045296
Low,0.3555956678700361,0.6890243902439024
Low,0.3574007220216607,0.6898954703832753
Low,0.3592057761732852,0.6907665505226481
Low,0.36101083032490977,0.6916376306620209
Low,0.3628158844765343,0.6925087108013938
Low,0.36462093862815886,0.6933797909407665
Low,0.3664259927797834,0.6942508710801394
Low,0.36823104693140796,0.6951219512195121
Low,0.3700361010830325,0.695993031358885
Low,0.37184115523465705,0.6968641114982579
Low,0.37364620938628157,0.6977351916376306
Low,0.37545126353790614,0.6986062717770035
Low,0.37725631768953066,0.6994773519163763
Low,0.37906137184115524,0.7003484320557491
Low,0.38086642599277976,0.7012195121951219
Low,0.38267148014440433,0.7020905923344948
Low,0.3844765342960289,0.7029616724738676
Low,0.3862815884476534,0.7038327526132404
Low,0.388086642599278,0.7047038327526133
Low,0.3898916967509025,0.705574912891986
Low,0.3916967509025271,0.7064459930313589
Low,0.3935018050541516,0.7073170731707317
Low,0.3953068592057762,0.7081881533101045
Low,0.3971119133574007,0.7090592334494773
Low,0.3989169675090253,0.7099303135888502
Low,0.4007220216606498,0.710801393728223
Low,0.40252707581227437,0.7116724738675958
Low,0.4043321299638989,0.7125435540069687
Low,0.40613718411552346,0.7134146341463414
Low,0.40794223826714804,0.7142857142857143
Low,0.40974729241877256,0.7151567944250871
Low,0.41155234657039713,0.7160278745644599
Low,0.41335740072202165,0.7168989547038328
Low,0.4151624548736462,0.7177700348432056
Low,0.41696750902527074,0.7186411149825784
Low,0.4187725631768953,0.7195121951219512
Low,0.42057761732851984,0.7203832752613241
Low,0.4223826714801444,0.7212543554006968
Low,0.42418772563176893,0.7221254355400697
Low,0.4259927797833935,0.7229965156794426
Low,0.427797833935018,0.7238675958188153
Low,0.4296028880866426,0.7247386759581882
Low,0.4314079422382672,0.725609756097561
Low,0.4332129963898917,0.7264808362369338
Low,0.43501805054151627,0.7273519163763066
Low,0.4368231046931408,0.7282229965156795
Low,0.43862815884476536,0.7290940766550522
Low,0.4404332129963899,0.7299651567944251
Low,0.44223826714801445,0.730836236933798
Low,0.44404332129963897,0.7317073170731707
Low,0.44584837545126355,0.7325783972125436
Low,0.44765342960288806,0.7334494773519163
Low,0.44945848375451264,0.7343205574912892
Low,0.45126353790613716,0.735191637630662
Low,0.45306859205776173,0.7360627177700348
Low,0.4548736462093863,0.7369337979094077
Low,0.4566787003610108,0.7378048780487805
Low,0.4584837545126354,0.7386759581881533
Low,0.4602888086642599,0.7395470383275261
Low,0.4620938628158845,0.740418118466899
Low,0.463898916967509,0.7412891986062717
Low,0.4657039711191336,0.7421602787456446
Low,0.4675090252707581,0.7430313588850174
Low,0.4693140794223827,0.7439024390243902
Low,0.4711191335740072,0.7447735191637631
Low,0.4729241877256318,0.7456445993031359
Low,0.4747292418772563,0.7465156794425087
Low,0.47653429602888087,0.7473867595818815
Low,0.47833935018050544,0.7482578397212544
Low,0.48014440433212996,0.7491289198606271
Low,0.48194945848375453,0.75
Low,0.48375451263537905,0.7508710801393729
Low,0.4855595667870036,0.7517421602787456
Low,0.48736462093862815,0.7526132404181185
Low,0.4891696750902527,0.7534843205574913
Low,0.49097472924187724,0.7543554006968641
Low,0.4927797833935018,0.7552264808362369
Low,0.49458483754512633,0.7560975609756098
Low,0.4963898916967509,0.7569686411149826
Low,0.4981949458483754,0.7578397212543554
Low,0.5,0.7587108013937283
Low,0.5018050541516246,0.759581881533101
Low,0.5036101083032491,0.7604529616724739
Low,0.5054151624548736,0.7613240418118467
Low,0.5072202166064982,0.7621951219512195
Low,0.5090252707581228,0.7630662020905923
Low,0.5108303249097473,0.7639372822299652
Low,0.5126353790613718,0.764808362369338
Low,0.5144404332129964,0.7656794425087108
Low,0.516245487364621,0.7665505226480837
Low,0.5180505415162455,0.7674216027874564
Low,0.51985559566787,0.7682926829268293
Low,0.5216606498194946,0.769163763066202
Low,0.5234657039711191,0.7700348432055749
Low,0.5252707581227437,0.7709059233449478
Low,0.5270758122743683,0.7717770034843205
Low,0.5288808664259927,0.7726480836236934
Low,0.5306859205776173,0.7735191637630662
Low,0.5324909747292419,0.774390243902439
Low,0.5342960288808665,0.7752613240418118
Low,0.5361010830324909,0.7761324041811847
Low,0.5379061371841155,0.7770034843205574
Low,0.5397111913357401,0.7778745644599303
Low,0.5415162454873647,0.7787456445993032
Low,0.5433212996389891,0.7796167247386759
Low,0.5451263537906137,0.7804878048780488
Low,0.5469314079422383,0.7813588850174216
Low,0.5487364620938628,0.7822299651567944
Low,0.5505415162454874,0.7831010452961672
Low,0.5523465703971119,0.7839721254355401
Low,0.5541516245487365,0.7848432055749129
Low,0.555956678700361,0.7857142857142857
Low,0.5577617328519856,0.7865853658536586
Low,0.5595667870036101,0.7874564459930313
Low,0.5613718411552346,0.7883275261324042
Low,0.5631768953068592,0.789198606271777
Low,0.5649819494584838,0.7900696864111498
Low,0.5667870036101083,0.7909407665505227
Low,0.5685920577617328,0.7918118466898955
Low,0.5703971119133574,0.7926829268292683
Low,0.572202166064982,0.7935540069686411
Low,0.5740072202166066,0.794425087108014
Low,0.575812274368231,0.7952961672473867
Low,0.5776173285198556,0.7961672473867596
Low,0.5794223826714802,0.7970383275261324
Low,0.5812274368231047,0.7979094076655052
Low,0.5830324909747292,0.7987804878048781
Low,0.5848375451263538,0.7996515679442509
Low,0.5866425992779783,0.8005226480836237
Low,0.5884476534296029,0.8013937282229965
Low,0.5902527075812274,0.8022648083623694
Low,0.592057761732852,0.8031358885017421
Low,0.5938628158844765,0.804006968641115
Low,0.5956678700361011,0.8048780487804879
Low,0.5974729241877257,0.8057491289198606
Low,0.5992779783393501,0.8066202090592335
Low,0.6010830324909747,0.8074912891986062
Low,0.6028880866425993,0.8083623693379791
Low,0.6046931407942239,0.8092334494773519
Low,0.6064981949458483,0.8101045296167247
Low,0.6083032490974729,0.8109756097560976
Low,0.6101083032490975,0.8118466898954704
Low,0.6119133574007221,0.8127177700348432
Low,0.6137184115523465,0.813588850174216
Low,0.6155234657039711,0.8144599303135889
Low,0.6173285198555957,0.8153310104529616
Low,0.6191335740072202,0.8162020905923345
Low,0.6209386281588448,0.8170731707317073
Low,0.6227436823104693,0.8179442508710801
Low,0.6245487364620939,0.818815331010453
Low,0.6263537906137184,0.8196864111498258
Low,0.628158844765343,0.8205574912891986
Low,0.6299638989169675,0.8214285714285714
Low,0.631768953068592,0.8222996515679443
Low,0.6335740072202166,0.823170731707317
Low,0.6353790613718412,0.8240418118466899
Low,0.6371841155234657,0.8249128919860628
Low,0.6389891696750902,0.8257839721254355
Low,0.6407942238267148,0.8266550522648084
Low,0.6425992779783394,0.8275261324041812
Low,0.644404332129964,0.828397212543554
Low,0.6462093862815884,0.8292682926829268
Low,0.648014440433213,0.8301393728222997
Low,0.6498194945848376,0.8310104529616724
Low,0.6516245487364621,0.8318815331010453
Low,0.6534296028880866,0.8327526132404182
Low,0.6552346570397112,0.8336236933797909
Low,0.6570397111913358,0.8344947735191638
Low,0.6588447653429603,0.8353658536585366
Low,0.6606498194945848,0.8362369337979094
Low,0.6624548736462094,0.8371080139372822
Low,0.6642599277978339,0.837979094076655
Low,0.6660649819494585,0.8388501742160279
Low,0.6678700361010831,0.8397212543554007
Low,0.6696750902527075,0.8405923344947736
Low,0.6714801444043321,0.8414634146341463
Low,0.6732851985559567,0.8423344947735192
Low,0.6750902527075813,0.8432055749128919
Low,0.6768953068592057,0.8440766550522648
Low,0.6787003610108303,0.8449477351916377
Low,0.6805054151624549,0.8458188153310104
Low,0.6823104693140795,0.8466898954703833
Low,0.6841155234657039,0.8475609756097561
Low,0.6859205776173285,0.8484320557491289
Low,0.6877256317689531,0.8493031358885017
Low,0.6895306859205776,0.8501742160278746
Low,0.6913357400722022,0.8510452961672473
Low,0.6931407942238267,0.8519163763066202
Low,0.6949458483754513,0.8527874564459931
Low,0.6967509025270758,0.8536585365853658
Low,0.6985559566787004,0.8545296167247387
Low,0.7003610108303249,0.8554006968641115
Low,0.7021660649819494,0.8562717770034843
Low,0.703971119133574,0.8571428571428571
Low,0.7057761732851986,0.85801393728223
Low,0.7075812274368231,0.8588850174216028
Low,0.7093862815884476,0.8597560975609756
Low,0.7111913357400722,0.8606271777003485
Low,0.7129963898916968,0.8614982578397212
Low,0.7148014440433214,0.8623693379790941
Low,0.7166064981949458,0.8632404181184669
Low,0.7184115523465704,0.8641114982578397
Low,0.720216606498195,0.8649825783972126
Low,0.7220216606498195,0.8658536585365854
Low,0.723826714801444,0.8667247386759582
Low,0.7256317689530686,0.867595818815331
Low,0.7274368231046932,0.8684668989547039
Low,0.7292418772563177,0.8693379790940766
Low,0.7310469314079422,0.8702090592334495
Low,0.7328519855595668,0.8710801393728222
Low,0.7346570397111913,0.8719512195121951
Low,0.7364620938628159,0.872822299651568
Low,0.7382671480144405,0.8736933797909407
Low,0.740072202166065,0.8745644599303136
Low,0.7418772563176895,0.8754355400696864
Low,0.7436823104693141,0.8763066202090593
Low,0.7454873646209387,0.877177700348432
Low,0.7472924187725631,0.8780487804878049
Low,0.7490974729241877,0.8789198606271778
Low,0.7509025270758123,0.8797909407665505
Low,0.7527075812274369,0.8806620209059234
Low,0.7545126353790613,0.8815331010452961
Low,0.7563176895306859,0.882404181184669
Low,0.7581227436823105,0.8832752613240418
Low,0.759927797833935,0.8841463414634146
Low,0.7617328519855595,0.8850174216027874
Low,0.7635379061371841,0.8858885017421603
Low,0.7653429602888087,0.8867595818815331
Low,0.7671480144404332,0.8876306620209059
Low,0.7689530685920578,0.8885017421602788
Low,0.7707581227436823,0.8893728222996515
Low,0.7725631768953068,0.8902439024390244
Low,0.7743682310469314,0.8911149825783972
Low,0.776173285198556,0.89198606271777
Low,0.7779783393501805,0.8928571428571429
Low,0.779783393501805,0.8937282229965157
Low,0.7815884476534296,0.8945993031358885
Low,0.7833935018050542,0.8954703832752613
Low,0.7851985559566786,0.8963414634146342
Low,0.7870036101083032,0.8972125435540069
Low,0.7888086642599278,0.8980836236933798
Low,0.7906137184115524,0.8989547038327527
Low,0.7924187725631769,0.8998257839721254
Low,0.7942238267148014,0.9006968641114983
Low,0.796028880866426,0.9015679442508711
Low,0.7978339350180506,0.9024390243902439
Low,0.7996389891696751,0.9033101045296167
Low,0.8014440433212996,0.9041811846689896
Low,0.8032490974729242,0.9050522648083623
Low,0.8050541516245487,0.9059233449477352
Low,0.8068592057761733,0.9067944250871081
Low,0.8086642599277978,0.9076655052264808
Low,0.8104693140794224,0.9085365853658537
Low,0.8122743682310469,0.9094076655052264
Low,0.8140794223826715,0.9102787456445993
Low,0.8158844765342961,0.9111498257839721
Low,0.8176895306859205,0.912020905923345
Low,0.8194945848375451,0.9128919860627178
Low,0.8212996389891697,0.9137630662020906
Low,0.8231046931407943,0.9146341463414634
Low,0.8249097472924187,0.9155052264808362
Low,0.8267148014440433,0.9163763066202091
Low,0.8285198555956679,0.9172473867595818
Low,0.8303249097472925,0.9181184668989547
Low,0.8321299638989169,0.9189895470383276
Low,0.8339350180505415,0.9198606271777003
Low,0.8357400722021661,0.9207317073170732
Low,0.8375451263537906,0.921602787456446
Low,0.8393501805054152,0.9224738675958188
Low,0.8411552346570397,0.9233449477351916
Low,0.8429602888086642,0.9242160278745645
Low,0.8447653429602888,0.9250871080139372
Low,0.8465703971119134,0.9259581881533101
Low,0.8483754512635379,0.926829268292683
Low,0.8501805054151624,0.9277003484320557
Low,0.851985559566787,0.9285714285714286
Low,0.8537906137184116,0.9294425087108014
Low,0.855595667870036,0.9303135888501742
Low,0.8574007220216606,0.931184668989547
Low,0.8592057761732852,0.9320557491289199
Low,0.8610108303249098,0.9329268292682927
Low,0.8628158844765343,0.9337979094076655
Low,0.8646209386281588,0.9346689895470384
Low,0.8664259927797834,0.9355400696864111
Low,0.868231046931408,0.936411149825784
Low,0.8700361010830325,0.9372822299651568
Low,0.871841155234657,0.9381533101045296
Low,0.8736462093862816,0.9390243902439024
Low,0.8754512635379061,0.9398954703832753
Low,0.8772563176895307,0.9407665505226481
Low,0.8790613718411552,0.9416376306620209
Low,0.8808664259927798,0.9425087108013938
Low,0.8826714801444043,0.9433797909407665
Low,0.8844765342960289,0.9442508710801394
Low,0.8862815884476535,0.9451219512195121
Low,0.8880866425992779,0.945993031358885
Low,0.8898916967509025,0.9468641114982579
Low,0.8916967509025271,0.9477351916376306
Low,0.8935018050541517,0.9486062717770035
Low,0.8953068592057761,0.9494773519163763
Low,0.8971119133574007,0.9503484320557491
Low,0.8989169675090253,0.9512195121951219
Low,0.9007220216606499,0.9520905923344948
Low,0.9025270758122743,0.9529616724738676
Low,0.9043321299638989,0.9538327526132404
Low,0.9061371841155235,0.9547038327526133
Low,0.907942238267148,0.955574912891986
Low,0.9097472924187726,0.9564459930313589
Low,0.9115523465703971,0.9573170731707317
Low,0.9133574007220217,0.9581881533101045
Low,0.9151624548736462,0.9590592334494773
Low,0.9169675090252708,0.9599303135888502
Low,0.9187725631768953,0.960801393728223
Low,0.9205776173285198,0.9616724738675958
Low,0.9223826714801444,0.9625435540069687
Low,0.924187725631769,0.9634146341463414
Low,0.9259927797833934,0.9642857142857143
Low,0.927797833935018,0.9651567944250871
Low,0.9296028880866426,0.9660278745644599
Low,0.9314079422382672,0.9668989547038328
Low,0.9332129963898917,0.9677700348432056
Low,0.9350180505415162,0.9686411149825784
Low,0.9368231046931408,0.9695121951219512
Low,0.9386281588447654,0.9703832752613241
Low,0.9404332129963899,0.9712543554006968
Low,0.9422382671480144,0.9721254355400697
Low,0.944043321299639,0.9729965156794426
Low,0.9458483754512635,0.9738675958188153
Low,0.9476534296028881,0.9747386759581882
Low,0.9494584837545126,0.975609756097561
Low,0.9512635379061372,0.9764808362369338
Low,0.9530685920577617,0.9773519163763066
Low,0.9548736462093863,0.9782229965156795
Low,0.9566787003610109,0.9790940766550522
Low,0.9584837545126353,0.9799651567944251
Low,0.9602888086642599,0.980836236933798
Low,0.9620938628158845,0.9817073170731707
Low,0.9638989169675091,0.9825783972125436
Low,0.9657039711191335,0.9834494773519163
Low,0.9675090252707581,0.9843205574912892
Low,0.9693140794223827,0.985191637630662
Low,0.9711191335740073,0.9860627177700348
Low,0.9729241877256317,0.9869337979094077
Low,0.9747292418772563,0.9878048780487805
Low,0.9765342960288809,0.9886759581881533
Low,0.9783393501805054,0.9895470383275261
Low,0.98014440433213,0.990418118466899
Low,0.9819494584837545,0.9912891986062717
Low,0.983754512635379,0.9921602787456446
Low,0.9855595667870036,0.9930313588850174
Low,0.9873646209386282,0.9939024390243902
Low,0.9891696750902527,0.9947735191637631
Low,0.9909747292418772,0.9956445993031359
Low,0.9927797833935018,0.9965156794425087
Low,0.9945848375451264,0.9973867595818815
Low,0.9963898916967509,0.9982578397212544
Low,0.9981949458483754,0.9991289198606271
Low,1.0,1.0
High,0.002004008016032064,0.0796847635726795
High,0.004008016032064128,0.15411558669001751
High,0.006012024048096192,0.17950963222416813
High,0.008016032064128256,0.19614711033274956
High,0.01002004008016032,0.2119089316987741
High,0.012024048096192385,0.22679509632224168
High,0.014028056112224449,0.2381786339754816
High,0.01603206412825651,0.24956217162872155
High,0.018036072144288578,0.2600700525394046
High,0.02004008016032064,0.26970227670753066
High,0.022044088176352707,0.27933450087565675
High,0.02404809619238477,0.28809106830122594
High,0.026052104208416832,0.2968476357267951
High,0.028056112224448898,0.30472854640980734
High,0.03006012024048096,0.3126094570928196
High,0.03206412825651302,0.3204903677758319
High,0.03406813627254509,0.3274956217162872
High,0.036072144288577156,0.3345008756567426
High,0.03807615230460922,0.340630472854641
High,0.04008016032064128,0.3458844133099825
High,0.04208416833667335,0.351138353765324
High,0.04408817635270541,0.3563922942206655
High,0.04609218436873747,0.361646234676007
High,0.04809619238476954,0.36690017513134854
High,0.050100200400801605,0.37215411558669004
High,0.052104208416833664,0.37740805604203154
High,0.05410821643286573,0.38266199649737304
High,0.056112224448897796,0.38791593695271454
High,0.05811623246492986,0.3922942206654991
High,0.06012024048096192,0.3966725043782837
High,0.06212424849699399,0.4010507880910683
High,0.06412825651302605,0.4054290718038529
High,0.06613226452905811,0.4089316987740806
High,0.06813627254509018,0.4124343257443082
High,0.07014028056112225,0.4159369527145359
High,0.07214428857715431,0.4194395796847636
High,0.07414829659318638,0.42294220665499127
High,0.07615230460921844,0.4264448336252189
High,0.0781563126252505,0.4299474605954466
High,0.08016032064128256,0.43345008756567427
High,0.08216432865731463,0.43695271453590195
High,0.0841683366733467,0.4404553415061296
High,0.08617234468937876,0.44395796847635727
High,0.08817635270541083,0.44746059544658495
High,0.09018036072144289,0.45096322241681264
High,0.09218436873747494,0.45446584938704027
High,0.09418837675350701,0.45796847635726795
High,0.09619238476953908,0.46147110332749564
High,0.09819639278557114,0.4649737302977233
High,0.10020040080160321,0.46847635726795095
High,0.10220440881763528,0.4711033274956217
High,0.10420841683366733,0.47373029772329245
High,0.1062124248496994,0.4763572679509632
High,0.10821643286573146,0.478984238178634
High,0.11022044088176353,0.4816112084063047
High,0.11222444889779559,0.4842381786339755
High,0.11422845691382766,0.4868651488616462
High,0.11623246492985972,0.489492119089317
High,0.11823647294589178,0.4921190893169877
High,0.12024048096192384,0.4947460595446585
High,0.12224448897795591,0.4973730297723292
High,0.12424849699398798,0.5
High,0.12625250501002003,0.5026269702276708
High,0.1282565130260521,0.5052539404553416
High,0.13026052104208416,0.5078809106830122
High,0.13226452905811623,0.510507880910683
High,0.1342685370741483,0.5131348511383538
High,0.13627254509018036,0.5157618213660246
High,0.13827655310621242,0.5183887915936952
High,0.1402805611222445,0.521015761821366
High,0.14228456913827656,0.5236427320490368
High,0.14428857715430862,0.5262697022767076
High,0.1462925851703407,0.5288966725043783
High,0.14829659318637275,0.531523642732049
High,0.15030060120240482,0.5341506129597198
High,0.1523046092184369,0.5367775831873906
High,0.15430861723446893,0.5394045534150613
High,0.156312625250501,0.542031523642732
High,0.15831663326653306,0.5446584938704028
High,0.16032064128256512,0.5472854640980735
High,0.1623246492985972,0.5499124343257443
High,0.16432865731462926,0.5525394045534151
High,0.16633266533066132,0.5551663747810858
High,0.1683366733466934,0.5577933450087565
High,0.17034068136272545,0.5604203152364273
High,0.17234468937875752,0.5630472854640981
High,0.1743486973947896,0.5656742556917689
High,0.17635270541082165,0.5683012259194395
High,0.17835671342685372,0.5700525394045534
High,0.18036072144288579,0.5718038528896673
High,0.18236472945891782,0.5735551663747811
High,0.1843687374749499,0.5753064798598949
High,0.18637274549098196,0.5770577933450087
High,0.18837675350701402,0.5788091068301225
High,0.1903807615230461,0.5805604203152365
High,0.19238476953907815,0.5823117338003503
High,0.19438877755511022,0.5840630472854641
High,0.1963927855711423,0.5858143607705779
High,0.19839679358717435,0.5875656742556917
High,0.20040080160320642,0.5893169877408057
High,0.20240480961923848,0.5910683012259195
High,0.20440881763527055,0.5928196147110333
High,0.20641282565130262,0.5945709281961471
High,0.20841683366733466,0.5963222416812609
High,0.21042084168336672,0.5980735551663747
High,0.2124248496993988,0.5998248686514887
High,0.21442885771543085,0.6015761821366025
High,0.21643286573146292,0.6033274956217163
High,0.218436873747495,0.6050788091068301
High,0.22044088176352705,0.6068301225919439
High,0.22244488977955912,0.6085814360770578
High,0.22444889779559118,0.6103327495621717
High,0.22645290581162325,0.6120840630472855
High,0.22845691382765532,0.6138353765323993
High,0.23046092184368738,0.6155866900175131
High,0.23246492985971945,0.617338003502627
High,0.23446893787575152,0.6190893169877408
High,0.23647294589178355,0.6208406304728546
High,0.23847695390781562,0.6225919439579685
High,0.24048096192384769,0.6243432574430823
High,0.24248496993987975,0.6260945709281961
High,0.24448897795591182,0.62784588441331
High,0.24649298597194388,0.6295971978984238
High,0.24849699398797595,0.6313485113835376
High,0.250501002004008,0.6330998248686515
High,0.25250501002004005,0.6348511383537653
High,0.2545090180360721,0.6366024518388792
High,0.2565130260521042,0.638353765323993
High,0.25851703406813625,0.6401050788091068
High,0.2605210420841683,0.6418563922942206
High,0.2625250501002004,0.6436077057793345
High,0.26452905811623245,0.6453590192644484
High,0.2665330661322645,0.6471103327495622
High,0.2685370741482966,0.648861646234676
High,0.27054108216432865,0.6506129597197898
High,0.2725450901803607,0.6523642732049036
High,0.2745490981963928,0.6541155866900175
High,0.27655310621242485,0.6558669001751314
High,0.2785571142284569,0.6576182136602452
High,0.280561122244489,0.659369527145359
High,0.28256513026052105,0.6611208406304728
High,0.2845691382765531,0.6628721541155866
High,0.2865731462925852,0.6646234676007006
High,0.28857715430861725,0.6663747810858144
High,0.2905811623246493,0.6681260945709282
High,0.2925851703406814,0.669877408056042
High,0.29458917835671344,0.6716287215411558
High,0.2965931863727455,0.6733800350262698
High,0.2985971943887776,0.6751313485113836
High,0.30060120240480964,0.6768826619964974
High,0.3026052104208417,0.6786339754816112
High,0.3046092184368738,0.680385288966725
High,0.3066132264529058,0.6821366024518388
High,0.30861723446893785,0.6838879159369528
High,0.3106212424849699,0.6856392294220666
High,0.312625250501002,0.6873905429071804
High,0.31462925851703405,0.6891418563922942
High,0.3166332665330661,0.690893169877408
High,0.3186372745490982,0.6926444833625219
High,0.32064128256513025,0.6943957968476357
High,0.3226452905811623,0.6961471103327496
High,0.3246492985971944,0.6978984238178634
High,0.32665330661322645,0.6996497373029772
High,0.3286573146292585,0.7014010507880911
High,0.3306613226452906,0.7031523642732049
High,0.33266533066132264,0.7049036777583187
High,0.3346693386773547,0.7066549912434326
High,0.3366733466933868,0.7084063047285464
High,0.33867735470941884,0.7101576182136602
High,0.3406813627254509,0.7119089316987741
High,0.342685370741483,0.712784588441331
High,0.34468937875751504,0.7136602451838879
High,0.3466933867735471,0.7145359019264448
High,0.3486973947895792,0.7154115586690017
High,0.35070140280561124,0.7162872154115587
High,0.3527054108216433,0.7171628721541156
High,0.35470941883767537,0.7180385288966725
High,0.35671342685370744,0.7189141856392294
High,0.3587174348697395,0.7197898423817863
High,0.36072144288577157,0.7206654991243433
High,0.3627254509018036,0.7215411558669002
High,0.36472945891783565,0.7224168126094571
High,0.3667334669338677,0.723292469352014
High,0.3687374749498998,0.7241681260945709
High,0.37074148296593185,0.7250437828371279
High,0.3727454909819639,0.7259194395796847
High,0.374749498997996,0.7267950963222417
High,0.37675350701402804,0.7276707530647986
High,0.3787575150300601,0.7285464098073555
High,0.3807615230460922,0.7294220665499125
High,0.38276553106212424,0.7302977232924693
High,0.3847695390781563,0.7311733800350263
High,0.3867735470941884,0.7320490367775832
High,0.38877755511022044,0.7329246935201401
High,0.3907815631262525,0.7338003502626971
High,0.3927855711422846,0.7346760070052539
High,0.39478957915831664,0.7355516637478109
High,0.3967935871743487,0.7364273204903677
High,0.39879759519038077,0.7373029772329247
High,0.40080160320641284,0.7381786339754816
High,0.4028056112224449,0.7390542907180385
High,0.40480961923847697,0.7399299474605955
High,0.40681362725450904,0.7408056042031523
High,0.4088176352705411,0.7416812609457093
High,0.41082164328657317,0.7425569176882661
High,0.41282565130260523,0.7434325744308231
High,0.4148296593186373,0.7443082311733801
High,0.4168336673346693,0.7451838879159369
High,0.4188376753507014,0.7460595446584939
High,0.42084168336673344,0.7469352014010507
High,0.4228456913827655,0.7478108581436077
High,0.4248496993987976,0.7486865148861647
High,0.42685370741482964,0.7495621716287215
High,0.4288577154308617,0.7504378283712785
High,0.4308617234468938,0.7513134851138353
High,0.43286573146292584,0.7521891418563923
High,0.4348697394789579,0.7530647985989493
High,0.43687374749499,0.7539404553415061
High,0.43887775551102204,0.7548161120840631
High,0.4408817635270541,0.7556917688266199
High,0.44288577154308617,0.7565674255691769
High,0.44488977955911824,0.7574430823117339
High,0.4468937875751503,0.7583187390542907
High,0.44889779559118237,0.7591943957968477
High,0.45090180360721444,0.7600700525394045
High,0.4529058116232465,0.7609457092819615
High,0.45490981963927857,0.7618213660245184
High,0.45691382765531063,0.7626970227670753
High,0.4589178356713427,0.7635726795096323
High,0.46092184368737477,0.7644483362521891
High,0.46292585170340683,0.7653239929947461
High,0.4649298597194389,0.7661996497373029
High,0.46693386773547096,0.7670753064798599
High,0.46893787575150303,0.7679509632224168
High,0.4709418837675351,0.7688266199649737
High,0.4729458917835671,0.7697022767075307
High,0.4749498997995992,0.7705779334500875
High,0.47695390781563124,0.7714535901926445
High,0.4789579158316633,0.7723292469352014
High,0.48096192384769537,0.7732049036777583
High,0.48296593186372744,0.7740805604203153
High,0.4849699398797595,0.7749562171628721
High,0.48697394789579157,0.7758318739054291
High,0.48897795591182364,0.776707530647986
High,0.4909819639278557,0.7775831873905429
High,0.49298597194388777,0.7784588441330998
High,0.49498997995991983,0.7793345008756567
High,0.4969939879759519,0.7802101576182137
High,0.49899799599198397,0.7810858143607706
High,0.501002004008016,0.7819614711033275
High,0.503006012024048,0.7828371278458844
High,0.5050100200400801,0.7837127845884413
High,0.5070140280561122,0.7845884413309983
High,0.5090180360721442,0.7854640980735552
High,0.5110220440881763,0.7863397548161121
High,0.5130260521042084,0.787215411558669
High,0.5150300601202404,0.7880910683012259
High,0.5170340681362725,0.7889667250437828
High,0.5190380761523046,0.7898423817863398
High,0.5210420841683366,0.7907180385288967
High,0.5230460921843687,0.7915936952714536
High,0.5250501002004008,0.7924693520140105
High,0.5270541082164328,0.7933450087565674
High,0.5290581162324649,0.7942206654991243
High,0.531062124248497,0.7950963222416813
High,0.533066132264529,0.7959719789842382
High,0.5350701402805611,0.7968476357267951
High,0.5370741482965932,0.797723292469352
High,0.5390781563126252,0.7985989492119089
High,0.5410821643286573,0.7994746059544658
High,0.5430861723446894,0.8003502626970228
High,0.5450901803607214,0.8012259194395797
High,0.5470941883767535,0.8021015761821366
High,0.5490981963927856,0.8029772329246935
High,0.5511022044088176,0.8038528896672504
High,0.5531062124248497,0.8047285464098074
High,0.5551102204408818,0.8056042031523643
High,0.5571142284569138,0.8064798598949212
High,0.5591182364729459,0.8073555166374781
High,0.561122244488978,0.808231173380035
High,0.56312625250501,0.809106830122592
High,0.5651302605210421,0.8099824868651488
High,0.5671342685370742,0.8108581436077058
High,0.5691382765531062,0.8117338003502627
High,0.5711422845691383,0.8126094570928196
High,0.5731462925851704,0.8134851138353766
High,0.5751503006012024,0.8143607705779334
High,0.5771543086172345,0.8152364273204904
High,0.5791583166332666,0.8161120840630472
High,0.5811623246492986,0.8169877408056042
High,0.5831663326653307,0.8178633975481612
High,0.5851703406813628,0.818739054290718
High,0.5871743486973948,0.819614711033275
High,0.5891783567134269,0.8204903677758318
High,0.591182364729459,0.8213660245183888
High,0.593186372745491,0.8222416812609457
High,0.5951903807615231,0.8231173380035026
High,0.5971943887775552,0.8239929947460596
High,0.5991983967935872,0.8248686514886164
High,0.6012024048096193,0.8257443082311734
High,0.6032064128256514,0.8266199649737302
High,0.6052104208416834,0.8274956217162872
High,0.6072144288577155,0.8283712784588442
High,0.6092184368737475,0.829246935201401
High,0.6112224448897795,0.830122591943958
High,0.6132264529058116,0.8309982486865148
High,0.6152304609218436,0.8318739054290718
High,0.6172344689378757,0.8327495621716288
High,0.6192384769539078,0.8336252189141856
High,0.6212424849699398,0.8345008756567426
High,0.6232464929859719,0.8353765323992994
High,0.625250501002004,0.8362521891418564
High,0.627254509018036,0.8371278458844134
High,0.6292585170340681,0.8380035026269702
High,0.6312625250501002,0.8388791593695272
High,0.6332665330661322,0.839754816112084
High,0.6352705410821643,0.840630472854641
High,0.6372745490981964,0.841506129597198
High,0.6392785571142284,0.8423817863397548
High,0.6412825651302605,0.8432574430823118
High,0.6432865731462926,0.8441330998248686
High,0.6452905811623246,0.8450087565674256
High,0.6472945891783567,0.8458844133099825
High,0.6492985971943888,0.8467600700525394
High,0.6513026052104208,0.8476357267950964
High,0.6533066132264529,0.8485113835376532
High,0.655310621242485,0.8493870402802102
High,0.657314629258517,0.850262697022767
High,0.6593186372745491,0.851138353765324
High,0.6613226452905812,0.852014010507881
High,0.6633266533066132,0.8528896672504378
High,0.6653306613226453,0.8537653239929948
High,0.6673346693386774,0.8546409807355516
High,0.6693386773547094,0.8555166374781086
High,0.6713426853707415,0.8563922942206655
High,0.6733466933867736,0.8572679509632224
High,0.6753507014028056,0.8581436077057794
High,0.6773547094188377,0.8590192644483362
High,0.6793587174348698,0.8598949211908932
High,0.6813627254509018,0.8607705779334501
High,0.6833667334669339,0.861646234676007
High,0.685370741482966,0.862521891418564
High,0.687374749498998,0.8633975481611208
High,0.6893787575150301,0.8642732049036778
High,0.6913827655310621,0.8651488616462347
High,0.6933867735470942,0.8660245183887916
High,0.6953907815631263,0.8669001751313485
High,0.6973947895791583,0.8677758318739054
High,0.6993987975951904,0.8686514886164624
High,0.7014028056112225,0.8695271453590193
High,0.7034068136272545,0.8704028021015762
High,0.7054108216432866,0.8712784588441331
High,0.7074148296593187,0.87215411558669
High,0.7094188376753507,0.873029772329247
High,0.7114228456913828,0.8739054290718039
High,0.7134268537074149,0.8747810858143608
High,0.7154308617234469,0.8756567425569177
High,0.717434869739479,0.8765323992994746
High,0.7194388777555111,0.8774080560420315
High,0.7214428857715431,0.8782837127845884
High,0.7234468937875751,0.8791593695271454
High,0.7254509018036072,0.8800350262697023
High,0.7274549098196392,0.8809106830122592
High,0.7294589178356713,0.8817863397548161
High,0.7314629258517034,0.882661996497373
High,0.7334669338677354,0.8835376532399299
High,0.7354709418837675,0.8844133099824869
High,0.7374749498997996,0.8852889667250438
High,0.7394789579158316,0.8861646234676007
High,0.7414829659318637,0.8870402802101576
High,0.7434869739478958,0.8879159369527145
High,0.7454909819639278,0.8887915936952715
High,0.7474949899799599,0.8896672504378283
High,0.749498997995992,0.8905429071803853
High,0.751503006012024,0.8914185639229422
High,0.7535070140280561,0.8922942206654991
High,0.7555110220440882,0.8931698774080561
High,0.7575150300601202,0.8940455341506129
High,0.7595190380761523,0.8949211908931699
High,0.7615230460921844,0.8957968476357268
High,0.7635270541082164,0.8966725043782837
High,0.7655310621242485,0.8975481611208407
High,0.7675350701402806,0.8984238178633975
High,0.7695390781563126,0.8992994746059545
High,0.7715430861723447,0.9001751313485113
High,0.7735470941883767,0.9010507880910683
High,0.7755511022044088,0.9019264448336253
High,0.7775551102204409,0.9028021015761821
High,0.779559118236473,0.9036777583187391
High,0.781563126252505,0.9045534150612959
High,0.7835671342685371,0.9054290718038529
High,0.7855711422845691,0.9063047285464098
High,0.7875751503006012,0.9071803852889667
High,0.7895791583166333,0.9080560420315237
High,0.7915831663326653,0.9089316987740805
High,0.7935871743486974,0.9098073555166375
High,0.7955911823647295,0.9106830122591943
High,0.7975951903807615,0.9115586690017513
High,0.7995991983967936,0.9124343257443083
High,0.8016032064128257,0.9133099824868651
High,0.8036072144288577,0.9141856392294221
High,0.8056112224448898,0.9150612959719789
High,0.8076152304609219,0.9159369527145359
High,0.8096192384769539,0.9168126094570929
High,0.811623246492986,0.9176882661996497
High,0.8136272545090181,0.9185639229422067
High,0.8156312625250501,0.9194395796847635
High,0.8176352705410822,0.9203152364273205
High,0.8196392785571143,0.9211908931698775
High,0.8216432865731463,0.9220665499124343
High,0.8236472945891784,0.9229422066549913
High,0.8256513026052105,0.9238178633975481
High,0.8276553106212425,0.9246935201401051
High,0.8296593186372746,0.925569176882662
High,0.8316633266533067,0.9264448336252189
High,0.8336673346693386,0.9273204903677759
High,0.8356713426853707,0.9281961471103327
High,0.8376753507014028,0.9290718038528897
High,0.8396793587174348,0.9299474605954466
High,0.8416833667334669,0.9308231173380035
High,0.843687374749499,0.9316987740805605
High,0.845691382765531,0.9325744308231173
High,0.8476953907815631,0.9334500875656743
High,0.8496993987975952,0.9343257443082311
High,0.8517034068136272,0.9352014010507881
High,0.8537074148296593,0.936077057793345
High,0.8557114228456913,0.9369527145359019
High,0.8577154308617234,0.9378283712784589
High,0.8597194388777555,0.9387040280210157
High,0.8617234468937875,0.9395796847635727
High,0.8637274549098196,0.9404553415061296
High,0.8657314629258517,0.9413309982486865
High,0.8677354709418837,0.9422066549912435
High,0.8697394789579158,0.9430823117338003
High,0.8717434869739479,0.9439579684763573
High,0.87374749498998,0.9448336252189142
High,0.875751503006012,0.9457092819614711
High,0.8777555110220441,0.946584938704028
High,0.8797595190380761,0.9474605954465849
High,0.8817635270541082,0.9483362521891419
High,0.8837675350701403,0.9492119089316988
High,0.8857715430861723,0.9500875656742557
High,0.8877755511022044,0.9509632224168126
High,0.8897795591182365,0.9518388791593695
High,0.8917835671342685,0.9527145359019265
High,0.8937875751503006,0.9535901926444834
High,0.8957915831663327,0.9544658493870403
High,0.8977955911823647,0.9553415061295972
High,0.8997995991983968,0.9562171628721541
High,0.9018036072144289,0.957092819614711
High,0.9038076152304609,0.957968476357268
High,0.905811623246493,0.9588441330998249
High,0.9078156312625251,0.9597197898423818
High,0.9098196392785571,0.9605954465849387
High,0.9118236472945892,0.9614711033274956
High,0.9138276553106213,0.9623467600700525
High,0.9158316633266533,0.9632224168126094
High,0.9178356713426854,0.9640980735551664
High,0.9198396793587175,0.9649737302977233
High,0.9218436873747495,0.9658493870402802
High,0.9238476953907816,0.9667250437828371
High,0.9258517034068137,0.967600700525394
High,0.9278557114228457,0.968476357267951
High,0.9298597194388778,0.9693520140105079
High,0.9318637274549099,0.9702276707530648
High,0.9338677354709419,0.9711033274956217
High,0.935871743486974,0.9719789842381786
High,0.9378757515030061,0.9728546409807356
High,0.9398797595190381,0.9737302977232924
High,0.9418837675350702,0.9746059544658494
High,0.9438877755511023,0.9754816112084063
High,0.9458917835671342,0.9763572679509632
High,0.9478957915831663,0.9772329246935202
High,0.9498997995991983,0.978108581436077
High,0.9519038076152304,0.978984238178634
High,0.9539078156312625,0.9798598949211909
High,0.9559118236472945,0.9807355516637478
High,0.9579158316633266,0.9816112084063048
High,0.9599198396793587,0.9824868651488616
High,0.9619238476953907,0.9833625218914186
High,0.9639278557114228,0.9842381786339754
High,0.9659318637274549,0.9851138353765324
High,0.9679358717434869,0.9859894921190894
High,0.969939879759519,0.9868651488616462
High,0.9719438877755511,0.9877408056042032
High,0.9739478957915831,0.98861646234676
High,0.9759519038076152,0.989492119089317
High,0.9779559118236473,0.9903677758318739
High,0.9799599198396793,0.9912434325744308
High,0.9819639278557114,0.9921190893169878
High,0.9839679358717435,0.9929947460595446
High,0.9859719438877755,0.9938704028021016
High,0.9879759519038076,0.9947460595446584
High,0.9899799599198397,0.9956217162872154
High,0.9919839679358717,0.9964973730297724
High,0.9939879759519038,0.9973730297723292
High,0.9959919839679359,0.9982486865148862
High,0.9979959919839679,0.999124343257443
High,1.0,1.0
Very High,0.0016806722689075631,0.03926701570680628
Very High,0.0033613445378151263,0.07591623036649214
Very High,0.005042016806722689,0.1012216404886562
Very High,0.0067226890756302525,0.12216404886561955
Very High,0.008403361344537815,0.13787085514834205
Very High,0.010084033613445379,0.14921465968586387
Very High,0.011764705882352941,0.16055846422338568
Very High,0.013445378151260505,0.17102966841186737
Very High,0.015126050420168067,0.18150087260034903
Very High,0.01680672268907563,0.19109947643979058
Very High,0.018487394957983194,0.2006980802792321
Very High,0.020168067226890758,0.2094240837696335
Very High,0.021848739495798318,0.21727748691099477
Very High,0.023529411764705882,0.22425828970331588
Very High,0.025210084033613446,0.231239092495637
Very High,0.02689075630252101,0.23821989528795812
Very High,0.02857142857142857,0.2443280977312391
Very High,0.030252100840336135,0.25043630017452007
Very High,0.031932773109243695,0.25654450261780104
Very High,0.03361344537815126,0.262652705061082
Very High,0.03529411764705882,0.26788830715532286
Very High,0.03697478991596639,0.27225130890052357
Very High,0.03865546218487395,0.2766143106457243
Very High,0.040336134453781515,0.28097731239092494
Very High,0.04201680672268908,0.28534031413612565
Very High,0.043697478991596636,0.28970331588132636
Very High,0.0453781512605042,0.2940663176265271
Very High,0.047058823529411764,0.29842931937172773
Very High,0.04873949579831933,0.30279232111692844
Very High,0.05042016806722689,0.30715532286212915
Very High,0.052100840336134456,0.31151832460732987
Very High,0.05378151260504202,0.3150087260034904
Very High,0.05546218487394958,0.31849912739965097
Very High,0.05714285714285714,0.3219895287958115
Very High,0.058823529411764705,0.3254799301919721
Very High,0.06050420168067227,0.32897033158813266
Very High,0.06218487394957983,0.3324607329842932
Very High,0.06386554621848739,0.33595113438045376
Very High,0.06554621848739496,0.3394415357766143
Very High,0.06722689075630252,0.34293193717277487
Very High,0.06890756302521009,0.34642233856893545
Very High,0.07058823529411765,0.349912739965096
Very High,0.07226890756302522,0.35340314136125656
Very High,0.07394957983193277,0.3568935427574171
Very High,0.07563025210084033,0.36038394415357766
Very High,0.0773109243697479,0.36387434554973824
Very High,0.07899159663865546,0.36736474694589877
Very High,0.08067226890756303,0.37085514834205935
Very High,0.08235294117647059,0.37347294938917974
Very High,0.08403361344537816,0.3760907504363002
Very High,0.08571428571428572,0.3787085514834206
Very High,0.08739495798319327,0.38132635253054104
Very High,0.08907563025210084,0.38394415357766143
Very High,0.0907563025210084,0.3865619546247818
Very High,0.09243697478991597,0.38917975567190227
Very High,0.09411764705882353,0.39179755671902267
Very High,0.0957983193277311,0.3944153577661431
Very High,0.09747899159663866,0.3970331588132635
Very High,0.09915966386554621,0.39965095986038396
Very High,0.10084033613445378,0.40226876090750435
Very High,0.10252100840336134,0.4048865619546248
Very High,0.10420168067226891,0.4075043630017452
Very High,0.10588235294117647,0.41012216404886565
Very High,0.10756302521008404,0.41273996509598604
Very High,0.1092436974789916,0.41535776614310643
Very High,0.11092436974789915,0.4179755671902269
Very High,0.11260504201680673,0.4205933682373473
Very High,0.11428571428571428,0.4232111692844677
Very High,0.11596638655462185,0.4258289703315881
Very High,0.11764705882352941,0.42844677137870857
Very High,0.11932773109243698,0.43106457242582896
Very High,0.12100840336134454,0.4336823734729494
Very High,0.1226890756302521,0.4363001745200698
Very High,0.12436974789915967,0.4389179755671902
Very High,0.12605042016806722,0.44153577661431065
Very High,0.12773109243697478,0.44415357766143104
Very High,0.12941176470588237,0.4467713787085515
Very High,0.13109243697478992,0.4493891797556719
Very High,0.13277310924369748,0.45200698080279234
Very High,0.13445378151260504,0.45462478184991273
Very High,0.1361344537815126,0.4572425828970332
Very High,0.13781512605042018,0.4598603839441536
Very High,0.13949579831932774,0.462478184991274
Very High,0.1411764705882353,0.4650959860383944
Very High,0.14285714285714285,0.4677137870855148
Very High,0.14453781512605043,0.47033158813263526
Very High,0.146218487394958,0.47294938917975565
Very High,0.14789915966386555,0.4755671902268761
Very High,0.1495798319327731,0.4781849912739965
Very High,0.15126050420168066,0.48080279232111695
Very High,0.15294117647058825,0.48342059336823734
Very High,0.1546218487394958,0.4860383944153578
Very High,0.15630252100840336,0.4886561954624782
Very High,0.15798319327731092,0.49040139616055844
Very High,0.15966386554621848,0.49214659685863876
Very High,0.16134453781512606,0.493891797556719
Very High,0.16302521008403362,0.4956369982547993
Very High,0.16470588235294117,0.4973821989528796
Very High,0.16638655462184873,0.49912739965095987
Very High,0.16806722689075632,0.5008726003490401
Very High,0.16974789915966387,0.5026178010471204
Very High,0.17142857142857143,0.5043630017452007
Very High,0.173109243697479,0.506108202443281
Very High,0.17478991596638654,0.5078534031413613
Very High,0.17647058823529413,0.5095986038394416
Very High,0.1781512605042017,0.5113438045375218
Very High,0.17983193277310924,0.5130890052356021
Very High,0.1815126050420168,0.5148342059336823
Very High,0.18319327731092436,0.5165794066317626
Very High,0.18487394957983194,0.518324607329843
Very High,0.1865546218487395,0.5200698080279232
Very High,0.18823529411764706,0.5218150087260035
Very High,0.1899159663865546,0.5235602094240838
Very High,0.1915966386554622,0.525305410122164
Very High,0.19327731092436976,0.5270506108202443
Very High,0.1949579831932773,0.5287958115183246
Very High,0.19663865546218487,0.5305410122164049
Very High,0.19831932773109243,0.5322862129144852
Very High,0.2,0.5340314136125655
Very High,0.20168067226890757,0.5357766143106457
Very High,0.20336134453781513,0.537521815008726
Very High,0.20504201680672268,0.5392670157068062
Very High,0.20672268907563024,0.5410122164048866
Very High,0.20840336134453782,0.5427574171029669
Very High,0.21008403361344538,0.5445026178010471
Very High,0.21176470588235294,0.5462478184991274
Very High,0.2134453781512605,0.5479930191972077
Very High,0.21512605042016808,0.5497382198952879
Very High,0.21680672268907564,0.5514834205933682
Very High,0.2184873949579832,0.5532286212914486
Very High,0.22016806722689075,0.5549738219895288
Very High,0.2218487394957983,0.5567190226876091
Very High,0.2235294117647059,0.5584642233856894
Very High,0.22521008403361345,0.5602094240837696
Very High,0.226890756302521,0.5619546247818499
Very High,0.22857142857142856,0.5636998254799301
Very High,0.23025210084033612,0.5654450261780105
Very High,0.2319327731092437,0.5671902268760908
Very High,0.23361344537815126,0.568935427574171
Very High,0.23529411764705882,0.5706806282722513
Very High,0.23697478991596638,0.5724258289703316
Very High,0.23865546218487396,0.5741710296684118
Very High,0.24033613445378152,0.5759162303664922
Very High,0.24201680672268908,0.5776614310645725
Very High,0.24369747899159663,0.5794066317626527
Very High,0.2453781512605042,0.581151832460733
Very High,0.24705882352941178,0.5828970331588132
Very High,0.24873949579831933,0.5846422338568935
Very High,0.2504201680672269,0.5863874345549738
Very High,0.25210084033613445,0.5881326352530541
Very High,0.253781512605042,0.5898778359511344
Very High,0.25546218487394956,0.5916230366492147
Very High,0.2571428571428571,0.5933682373472949
Very High,0.25882352941176473,0.5951134380453752
Very High,0.2605042016806723,0.5968586387434555
Very High,0.26218487394957984,0.5986038394415357
Very High,0.2638655462184874,0.6003490401396161
Very High,0.26554621848739496,0.6020942408376964
Very High,0.2672268907563025,0.6038394415357766
Very High,0.2689075630252101,0.6055846422338569
Very High,0.27058823529411763,0.6073298429319371
Very High,0.2722689075630252,0.6090750436300174
Very High,0.2739495798319328,0.6108202443280978
Very High,0.27563025210084036,0.612565445026178
Very High,0.2773109243697479,0.6143106457242583
Very High,0.27899159663865547,0.6160558464223386
Very High,0.280672268907563,0.6178010471204188
Very High,0.2823529411764706,0.6195462478184991
Very High,0.28403361344537814,0.6212914485165794
Very High,0.2857142857142857,0.6230366492146597
Very High,0.28739495798319326,0.62478184991274
Very High,0.28907563025210087,0.6265270506108203
Very High,0.2907563025210084,0.6282722513089005
Very High,0.292436974789916,0.6300174520069808
Very High,0.29411764705882354,0.631762652705061
Very High,0.2957983193277311,0.6335078534031413
Very High,0.29747899159663865,0.6352530541012217
Very High,0.2991596638655462,0.6361256544502618
Very High,0.30084033613445377,0.6369982547993019
Very High,0.3025210084033613,0.6378708551483421
Very High,0.3042016806722689,0.6387434554973822
Very High,0.3058823529411765,0.6396160558464223
Very High,0.30756302521008405,0.6404886561954625
Very High,0.3092436974789916,0.6413612565445026
Very High,0.31092436974789917,0.6422338568935427
Very High,0.3126050420168067,0.6431064572425829
Very High,0.3142857142857143,0.643979057591623
Very High,0.31596638655462184,0.6448516579406631
Very High,0.3176470588235294,0.6457242582897034
Very High,0.31932773109243695,0.6465968586387435
Very High,0.32100840336134456,0.6474694589877836
Very High,0.3226890756302521,0.6483420593368238
Very High,0.3243697478991597,0.6492146596858639
Very High,0.32605042016806723,0.650087260034904
Very High,0.3277310924369748,0.6509598603839442
Very High,0.32941176470588235,0.6518324607329843
Very High,0.3310924369747899,0.6527050610820244
Very High,0.33277310924369746,0.6535776614310645
Very High,0.334453781512605,0.6544502617801047
Very High,0.33613445378151263,0.6553228621291448
Very High,0.3378151260504202,0.6561954624781849
Very High,0.33949579831932775,0.6570680628272252
Very High,0.3411764705882353,0.6579406631762653
Very High,0.34285714285714286,0.6588132635253054
Very High,0.3445378151260504,0.6596858638743456
Very High,0.346218487394958,0.6605584642233857
Very High,0.34789915966386553,0.6614310645724258
Very High,0.3495798319327731,0.662303664921466
Very High,0.35126050420168065,0.6631762652705061
Very High,0.35294117647058826,0.6640488656195462
Very High,0.3546218487394958,0.6649214659685864
Very High,0.3563025210084034,0.6657940663176265
Very High,0.35798319327731093,0.6666666666666666
Very High,0.3596638655462185,0.6675392670157068
Very High,0.36134453781512604,0.6684118673647469
Very High,0.3630252100840336,0.6692844677137871
Very High,0.36470588235294116,0.6701570680628273
Very High,0.3663865546218487,0.6710296684118674
Very High,0.3680672268907563,0.6719022687609075
Very High,0.3697478991596639,0.6727748691099477
Very High,0.37142857142857144,0.6736474694589878
Very High,0.373109243697479,0.6745200698080279
Very High,0.37478991596638656,0.675392670157068
Very High,0.3764705882352941,0.6762652705061082
Very High,0.37815126050420167,0.6771378708551483
Very High,0.3798319327731092,0.6780104712041884
Very High,0.3815126050420168,0.6788830715532286
Very High,0.3831932773109244,0.6797556719022687
Very High,0.38487394957983195,0.680628272251309
Very High,0.3865546218487395,0.6815008726003491
Very High,0.38823529411764707,0.6823734729493892
Very High,0.3899159663865546,0.6832460732984293
Very High,0.3915966386554622,0.6841186736474695
Very High,0.39327731092436974,0.6849912739965096
Very High,0.3949579831932773,0.6858638743455497
Very High,0.39663865546218485,0.6867364746945899
Very High,0.3983193277310924,0.68760907504363
Very High,0.4,0.6884816753926701
Very High,0.4016806722689076,0.6893542757417103
Very High,0.40336134453781514,0.6902268760907504
Very High,0.4050420168067227,0.6910994764397905
Very High,0.40672268907563025,0.6919720767888308
Very High,0.4084033613445378,0.6928446771378709
Very High,0.41008403361344536,0.693717277486911
Very High,0.4117647058823529,0.6945898778359512
Very High,0.4134453781512605,0.6954624781849913
Very High,0.4151260504201681,0.6963350785340314
Very High,0.41680672268907565,0.6972076788830716
Very High,0.4184873949579832,0.6980802792321117
Very High,0.42016806722689076,0.6989528795811518
Very High,0.4218487394957983,0.699825479930192
Very High,0.4235294117647059,0.7006980802792321
Very High,0.42521008403361343,0.7015706806282722
Very High,0.426890756302521,0.7024432809773123
Very High,0.42857142857142855,0.7033158813263525
Very High,0.43025210084033616,0.7041884816753927
Very High,0.4319327731092437,0.7050610820244329
Very High,0.4336134453781513,0.705933682373473
Very High,0.43529411764705883,0.7068062827225131
Very High,0.4369747899159664,0.7076788830715532
Very High,0.43865546218487395,0.7085514834205934
Very High,0.4403361344537815,0.7094240837696335
Very High,0.44201680672268906,0.7102966841186736
Very High,0.4436974789915966,0.7111692844677138
Very High,0.44537815126050423,0.7120418848167539
Very High,0.4470588235294118,0.712914485165794
Very High,0.44873949579831934,0.7137870855148342
Very High,0.4504201680672269,0.7146596858638743
Very High,0.45210084033613446,0.7155322862129145
Very High,0.453781512605042,0.7164048865619547
Very High,0.45546218487394957,0.7172774869109948
Very High,0.45714285714285713,0.7181500872600349
Very High,0.4588235294117647,0.7190226876090751
Very High,0.46050420168067224,0.7198952879581152
Very High,0.46218487394957986,0.7207678883071553
Very High,0.4638655462184874,0.7216404886561955
Very High,0.46554621848739497,0.7225130890052356
Very High,0.4672268907563025,0.7233856893542757
Very High,0.4689075630252101,0.7242582897033158
Very High,0.47058823529411764,0.725130890052356
Very High,0.4722689075630252,0.7260034904013961
Very High,0.47394957983193275,0.7268760907504364
Very High,0.4756302521008403,0.7277486910994765
Very High,0.4773109243697479,0.7286212914485166
Very High,0.4789915966386555,0.7294938917975567
Very High,0.48067226890756304,0.7303664921465969
Very High,0.4823529411764706,0.731239092495637
Very High,0.48403361344537815,0.7321116928446771
Very High,0.4857142857142857,0.7329842931937173
Very High,0.48739495798319327,0.7338568935427574
Very High,0.4890756302521008,0.7347294938917975
Very High,0.4907563025210084,0.7356020942408377
Very High,0.492436974789916,0.7364746945898778
Very High,0.49411764705882355,0.7373472949389179
Very High,0.4957983193277311,0.7382198952879581
Very High,0.49747899159663866,0.7390924956369983
Very High,0.4991596638655462,0.7399650959860384
Very High,0.5008403361344538,0.7408376963350786
Very High,0.5025210084033613,0.7417102966841187
Very High,0.5042016806722689,0.7425828970331588
Very High,0.5058823529411764,0.743455497382199
Very High,0.507563025210084,0.7443280977312391
Very High,0.5092436974789916,0.7452006980802792
Very High,0.5109243697478991,0.7460732984293194
Very High,0.5126050420168067,0.7469458987783595
Very High,0.5142857142857142,0.7478184991273996
Very High,0.5159663865546219,0.7486910994764397
Very High,0.5176470588235295,0.7495636998254799
Very High,0.519327731092437,0.7504363001745201
Very High,0.5210084033613446,0.7513089005235603
Very High,0.5226890756302521,0.7521815008726004
Very High,0.5243697478991597,0.7530541012216405
Very High,0.5260504201680672,0.7539267015706806
Very High,0.5277310924369748,0.7547993019197208
Very High,0.5294117647058824,0.7556719022687609
Very High,0.5310924369747899,0.756544502617801
Very High,0.5327731092436975,0.7574171029668412
Very High,0.534453781512605,0.7582897033158813
Very High,0.5361344537815126,0.7591623036649214
Very High,0.5378151260504201,0.7600349040139616
Very High,0.5394957983193277,0.7609075043630017
Very High,0.5411764705882353,0.7617801047120419
Very High,0.5428571428571428,0.7626527050610821
Very High,0.5445378151260504,0.7635253054101222
Very High,0.5462184873949579,0.7643979057591623
Very High,0.5478991596638656,0.7652705061082025
Very High,0.5495798319327732,0.7661431064572426
Very High,0.5512605042016807,0.7670157068062827
Very High,0.5529411764705883,0.7678883071553229
Very High,0.5546218487394958,0.768760907504363
Very High,0.5563025210084034,0.7696335078534031
Very High,0.5579831932773109,0.7705061082024433
Very High,0.5596638655462185,0.7713787085514834
Very High,0.561344537815126,0.7722513089005235
Very High,0.5630252100840336,0.7731239092495636
Very High,0.5647058823529412,0.7739965095986039
Very High,0.5663865546218487,0.774869109947644
Very High,0.5680672268907563,0.7757417102966842
Very High,0.5697478991596638,0.7766143106457243
Very High,0.5714285714285714,0.7774869109947644
Very High,0.573109243697479,0.7783595113438045
Very High,0.5747899159663865,0.7792321116928447
Very High,0.5764705882352941,0.7801047120418848
Very High,0.5781512605042017,0.7809773123909249
Very High,0.5798319327731093,0.7818499127399651
Very High,0.5815126050420169,0.7827225130890052
Very High,0.5831932773109244,0.7835951134380453
Very High,0.584873949579832,0.7844677137870855
Very High,0.5865546218487395,0.7853403141361257
Very High,0.5882352941176471,0.7862129144851658
Very High,0.5899159663865546,0.787085514834206
Very High,0.5915966386554622,0.7879581151832461
Very High,0.5932773109243697,0.7888307155322862
Very High,0.5949579831932773,0.7897033158813264
Very High,0.5966386554621849,0.7905759162303665
Very High,0.5983193277310924,0.7914485165794066
Very High,0.6,0.7923211169284468
Very High,0.6016806722689075,0.7931937172774869
Very High,0.6033613445378151,0.794066317626527
Very High,0.6050420168067226,0.7949389179755671
Very High,0.6067226890756302,0.7958115183246073
Very High,0.6084033613445378,0.7966841186736475
Very High,0.6100840336134454,0.7975567190226877
Very High,0.611764705882353,0.7984293193717278
Very High,0.6134453781512605,0.7993019197207679
Very High,0.6151260504201681,0.800174520069808
Very High,0.6168067226890757,0.8010471204188482
Very High,0.6184873949579832,0.8019197207678883
Very High,0.6201680672268908,0.8027923211169284
Very High,0.6218487394957983,0.8036649214659686
Very High,0.6235294117647059,0.8045375218150087
Very High,0.6252100840336134,0.8054101221640488
Very High,0.626890756302521,0.806282722513089
Very High,0.6285714285714286,0.8071553228621291
Very High,0.6302521008403361,0.8080279232111692
Very High,0.6319327731092437,0.8089005235602095
Very High,0.6336134453781512,0.8097731239092496
Very High,0.6352941176470588,0.8106457242582897
Very High,0.6369747899159663,0.8115183246073299
Very High,0.6386554621848739,0.81239092495637
Very High,0.6403361344537815,0.8132635253054101
Very High,0.6420168067226891,0.8141361256544503
Very High,0.6436974789915967,0.8150087260034904
Very High,0.6453781512605042,0.8158813263525305
Very High,0.6470588235294118,0.8167539267015707
Very High,0.6487394957983194,0.8176265270506108
Very High,0.6504201680672269,0.8184991273996509
Very High,0.6521008403361345,0.819371727748691
Very High,0.653781512605042,0.8202443280977313
Very High,0.6554621848739496,0.8211169284467714
Very High,0.6571428571428571,0.8219895287958116
Very High,0.6588235294117647,0.8228621291448517
Very High,0.6605042016806723,0.8237347294938918
Very High,0.6621848739495798,0.824607329842932
Very High,0.6638655462184874,0.8254799301919721
Very High,0.6655462184873949,0.8263525305410122
Very High,0.6672268907563025,0.8272251308900523
Very High,0.66890756302521,0.8280977312390925
Very High,0.6705882352941176,0.8289703315881326
Very High,0.6722689075630253,0.8298429319371727
Very High,0.6739495798319328,0.8307155322862129
Very High,0.6756302521008404,0.8315881326352531
Very High,0.6773109243697479,0.8324607329842932
Very High,0.6789915966386555,0.8333333333333334
Very High,0.680672268907563,0.8342059336823735
Very High,0.6823529411764706,0.8350785340314136
Very High,0.6840336134453782,0.8359511343804538
Very High,0.6857142857142857,0.8368237347294939
Very High,0.6873949579831933,0.837696335078534
Very High,0.6890756302521008,0.8385689354275742
Very High,0.6907563025210084,0.8394415357766143
Very High,0.692436974789916,0.8403141361256544
Very High,0.6941176470588235,0.8411867364746946
Very High,0.6957983193277311,0.8420593368237347
Very High,0.6974789915966386,0.8429319371727748
Very High,0.6991596638655462,0.8438045375218151
Very High,0.7008403361344537,0.8446771378708552
Very High,0.7025210084033613,0.8455497382198953
Very High,0.704201680672269,0.8464223385689355
Very High,0.7058823529411765,0.8472949389179756
Very High,0.7075630252100841,0.8481675392670157
Very High,0.7092436974789916,0.8490401396160558
Very High,0.7109243697478992,0.849912739965096
Very High,0.7126050420168067,0.8507853403141361
Very High,0.7142857142857143,0.8516579406631762
Very High,0.7159663865546219,0.8525305410122164
Very High,0.7176470588235294,0.8534031413612565
Very High,0.719327731092437,0.8542757417102966
Very High,0.7210084033613445,0.8551483420593369
Very High,0.7226890756302521,0.856020942408377
Very High,0.7243697478991596,0.8568935427574171
Very High,0.7260504201680672,0.8577661431064573
Very High,0.7277310924369748,0.8586387434554974
Very High,0.7294117647058823,0.8595113438045375
Very High,0.7310924369747899,0.8603839441535777
Very High,0.7327731092436974,0.8612565445026178
Very High,0.7344537815126051,0.8621291448516579
Very High,0.7361344537815127,0.8630017452006981
Very High,0.7378151260504202,0.8638743455497382
Very High,0.7394957983193278,0.8647469458987783
Very High,0.7411764705882353,0.8656195462478184
Very High,0.7428571428571429,0.8664921465968587
Very High,0.7445378151260504,0.8673647469458988
Very High,0.746218487394958,0.868237347294939
Very High,0.7478991596638656,0.8691099476439791
Very High,0.7495798319327731,0.8699825479930192
Very High,0.7512605042016807,0.8708551483420593
Very High,0.7529411764705882,0.8717277486910995
Very High,0.7546218487394958,0.8726003490401396
Very High,0.7563025210084033,0.8734729493891797
Very High,0.7579831932773109,0.8743455497382199
Very High,0.7596638655462185,0.87521815008726
Very High,0.761344537815126,0.8760907504363001
Very High,0.7630252100840336,0.8769633507853403
Very High,0.7647058823529411,0.8778359511343804
Very High,0.7663865546218488,0.8787085514834206
Very High,0.7680672268907563,0.8795811518324608
Very High,0.7697478991596639,0.8804537521815009
Very High,0.7714285714285715,0.881326352530541
Very High,0.773109243697479,0.8821989528795812
Very High,0.7747899159663866,0.8830715532286213
Very High,0.7764705882352941,0.8839441535776614
Very High,0.7781512605042017,0.8848167539267016
Very High,0.7798319327731092,0.8856893542757417
Very High,0.7815126050420168,0.8865619546247818
Very High,0.7831932773109244,0.887434554973822
Very High,0.7848739495798319,0.8883071553228621
Very High,0.7865546218487395,0.8891797556719022
Very High,0.788235294117647,0.8900523560209425
Very High,0.7899159663865546,0.8909249563699826
Very High,0.7915966386554621,0.8917975567190227
Very High,0.7932773109243697,0.8926701570680629
Very High,0.7949579831932773,0.893542757417103
Very High,0.7966386554621848,0.8944153577661431
Very High,0.7983193277310925,0.8952879581151832
Very High,0.8,0.8961605584642234
Very High,0.8016806722689076,0.8970331588132635
Very High,0.8033613445378152,0.8979057591623036
Very High,0.8050420168067227,0.8987783595113438
Very High,0.8067226890756303,0.8996509598603839
Very High,0.8084033613445378,0.900523560209424
Very High,0.8100840336134454,0.9013961605584643
Very High,0.8117647058823529,0.9022687609075044
Very High,0.8134453781512605,0.9031413612565445
Very High,0.8151260504201681,0.9040139616055847
Very High,0.8168067226890756,0.9048865619546248
Very High,0.8184873949579832,0.9057591623036649
Very High,0.8201680672268907,0.9066317626527051
Very High,0.8218487394957983,0.9075043630017452
Very High,0.8235294117647058,0.9083769633507853
Very High,0.8252100840336134,0.9092495636998255
Very High,0.826890756302521,0.9101221640488656
Very High,0.8285714285714286,0.9109947643979057
Very High,0.8302521008403362,0.9118673647469459
Very High,0.8319327731092437,0.912739965095986
Very High,0.8336134453781513,0.9136125654450262
Very High,0.8352941176470589,0.9144851657940664
Very High,0.8369747899159664,0.9153577661431065
Very High,0.838655462184874,0.9162303664921466
Very High,0.8403361344537815,0.9171029668411868
Very High,0.8420168067226891,0.9179755671902269
Very High,0.8436974789915966,0.918848167539267
Very High,0.8453781512605042,0.9197207678883071
Very High,0.8470588235294118,0.9205933682373473
Very High,0.8487394957983193,0.9214659685863874
Very High,0.8504201680672269,0.9223385689354275
Very High,0.8521008403361344,0.9232111692844677
Very High,0.853781512605042,0.9240837696335078
Very High,0.8554621848739495,0.924956369982548
Very High,0.8571428571428571,0.9258289703315882
Very High,0.8588235294117647,0.9267015706806283
Very High,0.8605042016806723,0.9275741710296684
Very High,0.8621848739495799,0.9284467713787086
Very High,0.8638655462184874,0.9293193717277487
Very High,0.865546218487395,0.9301919720767888
Very High,0.8672268907563025,0.931064572425829
Very High,0.8689075630252101,0.9319371727748691
Very High,0.8705882352941177,0.9328097731239092
Very High,0.8722689075630252,0.9336823734729494
Very High,0.8739495798319328,0.9345549738219895
Very High,0.8756302521008403,0.9354275741710296
Very High,0.8773109243697479,0.9363001745200699
Very High,0.8789915966386554,0.93717277486911
Very High,0.880672268907563,0.9380453752181501
Very High,0.8823529411764706,0.9389179755671903
Very High,0.8840336134453781,0.9397905759162304
Very High,0.8857142857142857,0.9406631762652705
Very High,0.8873949579831932,0.9415357766143106
Very High,0.8890756302521008,0.9424083769633508
Very High,0.8907563025210085,0.9432809773123909
Very High,0.892436974789916,0.944153577661431
Very High,0.8941176470588236,0.9450261780104712
Very High,0.8957983193277311,0.9458987783595113
Very High,0.8974789915966387,0.9467713787085514
Very High,0.8991596638655462,0.9476439790575916
Very High,0.9008403361344538,0.9485165794066318
Very High,0.9025210084033614,0.9493891797556719
Very High,0.9042016806722689,0.9502617801047121
Very High,0.9058823529411765,0.9511343804537522
Very High,0.907563025210084,0.9520069808027923
Very High,0.9092436974789916,0.9528795811518325
Very High,0.9109243697478991,0.9537521815008726
Very High,0.9126050420168067,0.9546247818499127
Very High,0.9142857142857143,0.9554973821989529
Very High,0.9159663865546218,0.956369982547993
Very High,0.9176470588235294,0.9572425828970331
Very High,0.9193277310924369,0.9581151832460733
Very High,0.9210084033613445,0.9589877835951134
Very High,0.9226890756302522,0.9598603839441536
Very High,0.9243697478991597,0.9607329842931938
Very High,0.9260504201680673,0.9616055846422339
Very High,0.9277310924369748,0.962478184991274
Very High,0.9294117647058824,0.9633507853403142
Very High,0.9310924369747899,0.9642233856893543
Very High,0.9327731092436975,0.9650959860383944
Very High,0.934453781512605,0.9659685863874345
Very High,0.9361344537815126,0.9668411867364747
Very High,0.9378151260504202,0.9677137870855148
Very High,0.9394957983193277,0.9685863874345549
Very High,0.9411764705882353,0.9694589877835951
Very High,0.9428571428571428,0.9703315881326352
Very High,0.9445378151260504,0.9712041884816754
Very High,0.946218487394958,0.9720767888307156
Very High,0.9478991596638655,0.9729493891797557
Very High,0.9495798319327731,0.9738219895287958
Very High,0.9512605042016806,0.974694589877836
Very High,0.9529411764705882,0.9755671902268761
Very High,0.9546218487394958,0.9764397905759162
Very High,0.9563025210084034,0.9773123909249564
Very High,0.957983193277311,0.9781849912739965
Very High,0.9596638655462185,0.9790575916230366
Very High,0.9613445378151261,0.9799301919720768
Very High,0.9630252100840336,0.9808027923211169
Very High,0.9647058823529412,0.981675392670157
Very High,0.9663865546218487,0.9825479930191972
Very High,0.9680672268907563,0.9834205933682374
Very High,0.9697478991596639,0.9842931937172775
Very High,0.9714285714285714,0.9851657940663177
Very High,0.973109243697479,0.9860383944153578
Very High,0.9747899159663865,0.9869109947643979
Very High,0.9764705882352941,0.987783595113438
Very High,0.9781512605042016,0.9886561954624782
Very High,0.9798319327731092,0.9895287958115183
Very High,0.9815126050420168,0.9904013961605584
Very High,0.9831932773109243,0.9912739965095986
Very High,0.984873949579832,0.9921465968586387
Very High,0.9865546218487395,0.9930191972076788
Very High,0.9882352941176471,0.993891797556719
Very High,0.9899159663865547,0.9947643979057592
Very High,0.9915966386554622,0.9956369982547993
Very High,0.9932773109243698,0.9965095986038395
Very High,0.9949579831932773,0.9973821989528796
Very High,0.9966386554621849,0.9982547993019197
Very High,0.9983193277310924,0.9991273996509599
Very High,1.0,1.0
