effect,component,term,estimate,std.error,statistic,p.value,conf.low,conf.high,threshold,n_obs,n_publishers,converged,R2_marginal,predictor_sd,raw_estimate
fixed,cond,(Intercept),1.5357158407191307,0.03657404992369042,41.98922033308617,0,1.4640320200999275,1.607399661338334,1,4584,1243,TRUE,0.7618386008907584,NA,NA
fixed,cond,content_leaning,0.15819376290427412,0.03957392129602773,3.997424508956937,6.403540308487388e-5,0.08063030243703713,0.23575722337151112,1,4584,1243,TRUE,0.7618386008907584,0.4314506482787382,0.3666555225618139
fixed,cond,content_extremity,0.07241771783048205,0.03593862844214659,2.0150384410762614,0.04390062142160761,0.0019793004301079248,0.14285613523085616,1,4584,1243,TRUE,0.7618386008907584,0.2346613166536162,0.3086052650824333
fixed,cond,publisher_leaning,0.09912491078528678,0.02867248240503039,3.4571443583097636,5.459323128791469e-4,0.04292787792406883,0.15532194364650473,1,4584,1243,TRUE,0.7618386008907584,0.5992102565153696,0.16542592471920453
fixed,cond,publisher_extremity,0.11369155557542901,0.027856531657577253,4.081324874645827,4.477971158260339e-5,0.05909375679237775,0.16828935435848028,1,4584,1243,TRUE,0.7618386008907584,0.33457387477017597,0.33981002148935124
fixed,cond,rph_delta,-0.17295693220211142,0.01958836095108337,-8.829576534454544,1.0507276801244452e-18,-0.21134941418240558,-0.13456445022181726,1,4584,1243,TRUE,0.7618386008907584,0.26914196641086413,-0.6426234247619359
fixed,cond,toxicity,-0.14871987848071339,0.02405371018801427,-6.1828249080185165,6.296453978446318e-10,-0.1958642841437855,-0.10157547281764126,1,4584,1243,TRUE,0.7618386008907584,0.1570515327225278,-0.9469495515428401
fixed,cond,reaction_score,0.9508088621231372,0.03183525564501966,29.866537675248185,5.354802755049331e-196,0.8884129076202733,1.0132048166260013,1,4584,1243,TRUE,0.7618386008907584,0.15998613489461663,5.943070396378023
fixed,cond,log_total_reactions,-0.11514866383801121,0.022282959497171167,-5.167565998252135,2.3716223263641012e-7,-0.15882246192143146,-0.07147486575459099,1,4584,1243,TRUE,0.7618386008907584,1.5866604548389187,-0.07257297141731649
fixed,cond,log_author_links,-0.07115597379660549,0.02779329397327165,-2.5601849807739594,0.010461646167156698,-0.12562982899595204,-0.016682118597258926,1,4584,1243,TRUE,0.7618386008907584,1.6871478099530393,-0.042175305196636016
fixed,cond,Economy,0.03442792077076176,0.04066827285075359,0.8465547798675155,0.3972433280602363,-0.04528042933016334,0.11413627087168686,1,4584,1243,TRUE,0.7618386008907584,0.21216998143915264,0.1622657481385283
fixed,cond,Education,0.11279370485585412,0.041165347577839774,2.7400158505299124,0.006143622145393038,0.032111106192215036,0.1934763035194932,1,4584,1243,TRUE,0.7618386008907584,0.1900630185097405,0.5934542434412278
fixed,cond,Health,-0.09623859045704079,0.04780700251531379,-2.013064726787946,0.044107820429906824,-0.18993859359587156,-0.002538587318210009,1,4584,1243,TRUE,0.7618386008907584,0.21061191797017456,-0.4569475050821647
fixed,cond,Security,0.07902643662657009,0.05185908106287268,1.523868819248077,0.12754148392163553,-0.022615494528003488,0.18066836778114367,1,4584,1243,TRUE,0.7618386008907584,0.2401324593886143,0.3290951869971023
fixed,cond,Culture,-0.09301638936184191,0.056157618268608565,-1.6563449845207725,0.09765197549453732,-0.20308329862586327,0.017050519902179442,1,4584,1243,TRUE,0.7618386008907584,0.2226118714933949,-0.4178411004671051
fixed,cond,Religion,-0.01822342604415164,0.04119013089352432,-0.44242214454862594,0.6581837574501158,-0.09895459911394994,0.06250774702564665,1,4584,1243,TRUE,0.7618386008907584,0.19273946295764888,-0.09454953212231332
fixed,cond,Disinformation,-0.10050072567578469,0.04796988409818158,-2.09507960182031,0.03616391689816826,-0.1945199708507812,-0.006481480500788173,1,4584,1243,TRUE,0.7618386008907584,0.28456943661192474,-0.3531676727913698
fixed,cond,Election,-0.010775245259557273,0.050593627123476086,-0.21297633461344426,0.8313454214629978,-0.10993693226881919,0.08838644174970466,1,4584,1243,TRUE,0.7618386008907584,0.32350322177282964,-0.03330799984157148
fixed,cond,Politics,0.08526552877986707,0.05694365026638761,1.4973667543437612,0.13429785392401972,-0.026341974890497277,0.1968730324502314,1,4584,1243,TRUE,0.7618386008907584,0.30550005870376523,0.2791015135697458
fixed,cond,Corruption,0.01748915617456147,0.053358100750218684,0.3277694657167833,0.7430859758846072,-0.08709079957932676,0.1220691119284497,1,4584,1243,TRUE,0.7618386008907584,0.2407258812396308,0.07265174847216314
fixed,cond,(Intercept),1.5361874422440027,0.03813106141067157,40.28703595998188,0,1.4614519351868014,1.610922949301204,2,4213,879,TRUE,0.7605740619531953,NA,NA
fixed,cond,content_leaning,0.15050989824694963,0.039808916251766906,3.7808087337788128,1.5631973657368286e-4,0.07248585612991527,0.228533940363984,2,4213,879,TRUE,0.7605740619531953,0.4273575259698383,0.3521873117956327
fixed,cond,content_extremity,0.05719029428974446,0.03639813486610766,1.571242441408654,0.11612634523046217,-0.014148739152258165,0.12852932773174708,2,4213,879,TRUE,0.7605740619531953,0.2331565190409897,0.24528713383171677
fixed,cond,publisher_leaning,0.10414464554548569,0.029899464364879183,3.483160911331146,4.955304244656199e-4,0.04554277223328375,0.16274651885768765,2,4213,879,TRUE,0.7605740619531953,0.5827221886271615,0.17872091981058874
fixed,cond,publisher_extremity,0.08979657125037208,0.03073019578788303,2.9220956439782597,0.0034768475418530675,0.02956649426825688,0.15002664823248726,2,4213,879,TRUE,0.7605740619531953,0.31976238079361835,0.280822812950998
fixed,cond,rph_delta,-0.2005660011457609,0.0204851821420173,-9.790784370639233,1.2333535243859797e-22,-0.24071622036085788,-0.16041578193066391,2,4213,879,TRUE,0.7605740619531953,0.2755403368080268,-0.7279006894932349
fixed,cond,toxicity,-0.16222523804367434,0.02492073342308881,-6.509649426825226,7.532639217358699e-11,-0.21106897802125196,-0.11338149806609671,2,4213,879,TRUE,0.7605740619531953,0.15775126359321712,-1.0283609420840771
fixed,cond,reaction_score,0.9396400507210073,0.0323318763717321,29.062342065075406,1.0746166226502133e-185,0.8762707374798109,1.0030093639622037,2,4213,879,TRUE,0.7605740619531953,0.1583554835850976,5.933738633156081
fixed,cond,log_total_reactions,-0.11346514173989526,0.023293988101053497,-4.871005396227694,1.110318071459887e-6,-0.15912051947426467,-0.06780976400552585,2,4213,879,TRUE,0.7605740619531953,1.6081285072993665,-0.07055726033390489
fixed,cond,log_author_links,-0.1297046786895154,0.03096435343414004,-4.188838593558627,2.8038572809515798e-5,-0.19039369622499902,-0.0690156611540318,2,4213,879,TRUE,0.7605740619531953,1.5315008740240654,-0.08469122080793359
fixed,cond,Economy,0.0267967522656204,0.04145331151354355,0.6464321253771346,0.5179995409305425,-0.05445024534084449,0.10804374987208529,2,4213,879,TRUE,0.7605740619531953,0.21191221973889698,0.1264521333344412
fixed,cond,Education,0.11909674292435544,0.04230847662739448,2.81496173859498,0.0048783041547077214,0.036173652493907624,0.20201983335480328,2,4213,879,TRUE,0.7605740619531953,0.18973231133468357,0.6277093347282923
fixed,cond,Health,-0.10119733622047276,0.04903743961173886,-2.063674959820854,0.03904854505229967,-0.19730895175353874,-0.0050857206874068,2,4213,879,TRUE,0.7605740619531953,0.21062576460818203,-0.48046038626245835
fixed,cond,Security,0.07871243791643544,0.05287277372244793,1.488713989729971,0.13656269951303432,-0.02491629434229825,0.18234117017516913,2,4213,879,TRUE,0.7605740619531953,0.2402998854467529,0.32755919866585625
fixed,cond,Culture,-0.1018168713295026,0.05726965297826414,-1.7778503279589577,0.07542844012672024,-0.21406332857400734,0.010429585915002135,2,4213,879,TRUE,0.7605740619531953,0.22289436584451838,-0.4567942798541876
fixed,cond,Religion,-0.002483835628964284,0.04213595213249312,-0.05894813106759905,0.9529934216282672,-0.08506878426295447,0.0801011130050259,2,4213,879,TRUE,0.7605740619531953,0.19320935055641889,-0.012855669882493505
fixed,cond,Disinformation,-0.11932868760928257,0.04932051864124039,-2.4194532194051863,0.015543859924443633,-0.21599512784495006,-0.022662247373615066,2,4213,879,TRUE,0.7605740619531953,0.28531969542966096,-0.41822800711176394
fixed,cond,Election,0.0019868308222283832,0.05196227897950314,0.03823602161506622,0.9694995007889994,-0.09985736453222047,0.10383102617667722,2,4213,879,TRUE,0.7605740619531953,0.32424498769090293,0.0061275606336354356
fixed,cond,Politics,0.07997642931716632,0.05845401476392584,1.3681939493833155,0.1712513750453739,-0.034591334371900886,0.19454419300623355,2,4213,879,TRUE,0.7605740619531953,0.3056153363418708,0.26168984277576374
fixed,cond,Corruption,0.0386253052331589,0.05486039602917895,0.7040653737281629,0.48139206261797407,-0.068899095161636,0.14614970562795382,2,4213,879,TRUE,0.7605740619531953,0.24203563608521092,0.15958519934461426
fixed,cond,(Intercept),1.504450483202644,0.04125104489154611,36.470603039462944,3.243881884497381e-291,1.4235999208905685,1.5853010455147194,5,3412,418,TRUE,0.7757917736331282,NA,NA
fixed,cond,content_leaning,0.14026899770785745,0.0407742725368583,3.440134893419862,5.814243211170143e-4,0.060352892039794576,0.22018510337592032,5,3412,418,TRUE,0.7757917736331282,0.41968680878796183,0.3342230319626879
fixed,cond,content_extremity,0.039118437055697015,0.03755308706008024,1.0416836568751968,0.29755836856537565,-0.03448426109035737,0.1127211352017514,5,3412,418,TRUE,0.7757917736331282,0.23275800034568594,0.16806484416260392
fixed,cond,publisher_leaning,0.1318069095893366,0.03536564759311271,3.7269757111702195,1.9379112561196429e-4,0.06249151401690006,0.20112230516177315,5,3412,418,TRUE,0.7757917736331282,0.5388724590627684,0.2445975988800415
fixed,cond,publisher_extremity,0.13273764130669208,0.04012457125298569,3.308138558535127,9.391833014270353e-4,0.05409492675572895,0.2113803558576552,5,3412,418,TRUE,0.7757917736331282,0.3141801925797842,0.42248889153947583
fixed,cond,rph_delta,-0.2183828599783062,0.022849443271693384,-9.557469623290377,1.206709099573812e-21,-0.2631669458576163,-0.1735987740989961,5,3412,418,TRUE,0.7757917736331282,0.27451556503328095,-0.7955208658271545
fixed,cond,toxicity,-0.1688690255263675,0.028592726641971395,-5.906013359302498,3.504855644212696e-9,-0.2249097399644303,-0.11282831108830471,5,3412,418,TRUE,0.7757917736331282,0.15750909729183382,-1.072122362643511
fixed,cond,reaction_score,0.9753390979980222,0.03347807763732789,29.13366497813853,1.345477963046237e-186,0.9097232715572238,1.0409549244388205,5,3412,418,TRUE,0.7757917736331282,0.15948056072303785,6.115724032923651
fixed,cond,log_total_reactions,-0.09395662227424634,0.025169641910309067,-3.7329344060220127,1.8926189477351668e-4,-0.14328821392222202,-0.04462503062627065,5,3412,418,TRUE,0.7757917736331282,1.6537292785935034,-0.056814995955176195
fixed,cond,log_author_links,-0.11447420266693911,0.035282848104227965,-3.2444717140967314,0.0011766870348288723,-0.18362731422322323,-0.04532109111065499,5,3412,418,TRUE,0.7757917736331282,1.303598624062236,-0.08781399470200264
fixed,cond,Economy,-0.006380864277688893,0.041915278494363585,-0.15223241994078454,0.8790036245350193,-0.08853330052860775,0.07577157197322998,5,3412,418,TRUE,0.7757917736331282,0.20885587399202793,-0.030551519359864648
fixed,cond,Education,0.10874239836439237,0.043544004494554575,2.4972989881532652,0.012514339243959121,0.023397717812415175,0.19408707891636956,5,3412,418,TRUE,0.7757917736331282,0.19047134586703404,0.5709121121048005
fixed,cond,Health,-0.06650169628235933,0.05175167932412312,-1.2850152333387326,0.1987869608403397,-0.1679331238971068,0.03492973133238812,5,3412,418,TRUE,0.7757917736331282,0.20823609152460693,-0.3193572055423492
fixed,cond,Security,0.032733229551188125,0.053486735095760685,0.6119878039402434,0.5405458267545793,-0.07209884488713732,0.13756530398951355,5,3412,418,TRUE,0.7757917736331282,0.2357776332919939,0.1388309361416413
fixed,cond,Culture,-0.0772125555964507,0.057700755326100264,-1.338155023449485,0.18084590718822974,-0.1903039579163649,0.0358788467234635,5,3412,418,TRUE,0.7757917736331282,0.2190178898173076,-0.3525399484985316
fixed,cond,Religion,-0.0031488266811481504,0.04311988591560349,-0.07302493070856447,0.9417862786340072,-0.0876622500932069,0.08136459673091061,5,3412,418,TRUE,0.7757917736331282,0.19350879991213168,-0.01627226608080856
fixed,cond,Disinformation,-0.13735629316035095,0.05037153758612679,-2.7268632196405553,0.00639395376908204,-0.23608269267506507,-0.03862989364563682,5,3412,418,TRUE,0.7757917736331282,0.28422496942924586,-0.4832661023279449
fixed,cond,Election,0.04035568517742566,0.05349096026984776,0.7544393477672094,0.45058545207314726,-0.06448467044993886,0.14519604080479018,5,3412,418,TRUE,0.7757917736331282,0.32281417861420025,0.12501212106192927
fixed,cond,Politics,0.08172414837929884,0.06042308382922915,1.3525319000644167,0.17620522103584452,-0.03670291976083481,0.2001512165194325,5,3412,418,TRUE,0.7757917736331282,0.30464190805785135,0.268262987519693
fixed,cond,Corruption,0.027097018164187612,0.05657272410754285,0.4789767258277521,0.6319551861340988,-0.08378348359391721,0.13797751992229243,5,3412,418,TRUE,0.7757917736331282,0.2424600253989632,0.1117587038094218
fixed,cond,(Intercept),1.4664745592489599,0.04861885822667079,30.16266964583915,7.31704058190464e-200,1.3711833481552262,1.5617657703426935,10,2727,204,TRUE,0.7792803201299768,NA,NA
fixed,cond,content_leaning,0.1382983813809231,0.042012849076513384,3.2918115391092724,9.95442945567454e-4,0.055954710303040014,0.2206420524588062,10,2727,204,TRUE,0.7792803201299768,0.4124014788559103,0.335348897789097
fixed,cond,content_extremity,0.05755790405353394,0.03868132547771504,1.4880023717567283,0.1367502681512458,-0.018256100757059114,0.133371908864127,10,2727,204,TRUE,0.7792803201299768,0.2297449883353168,0.2505295304615184
fixed,cond,publisher_leaning,0.12199679584462439,0.041826118072144425,2.9167611403524547,0.0035368651277339195,0.040019110810101455,0.20397448087914732,10,2727,204,TRUE,0.7792803201299768,0.5180923598485105,0.23547306484175154
fixed,cond,publisher_extremity,0.20095252721945348,0.051199920991327474,3.9248601038562527,8.67801548541196e-5,0.10060252606515535,0.3013025283737516,10,2727,204,TRUE,0.7792803201299768,0.3204626058241425,0.6270701278941995
fixed,cond,rph_delta,-0.21170478731946663,0.025364789999529007,-8.346404102829068,7.037273207707545e-17,-0.2614188621939652,-0.16199071244496804,10,2727,204,TRUE,0.7792803201299768,0.27139236082561163,-0.7800690729666544
fixed,cond,toxicity,-0.19175327842530152,0.028720507103093568,-6.676528298647179,2.446688397190408e-11,-0.24804443796509168,-0.13546211888551135,10,2727,204,TRUE,0.7792803201299768,0.15177869904985075,-1.263374107339801
fixed,cond,reaction_score,0.9472141834934475,0.0343857515358191,27.546705864687862,4.846325070648783e-167,0.8798193489018993,1.0146090180849958,10,2727,204,TRUE,0.7792803201299768,0.15755909985537547,6.011802456112669
fixed,cond,log_total_reactions,-0.06740150379063976,0.028872445359760423,-2.3344577485832687,0.01957176597416443,-0.12399045684137078,-0.010812550739908743,10,2727,204,TRUE,0.7792803201299768,1.6996716119760316,-0.03965560365644928
fixed,cond,log_author_links,-0.04504107108270926,0.04228453947182273,-1.0651900587145664,0.2867899314142337,-0.12791724555034412,0.037835103384925586,10,2727,204,TRUE,0.7792803201299768,1.1304654112534183,-0.03984294489184714
fixed,cond,Economy,-0.008757223782215521,0.043443219273871826,-0.20157861062295634,0.840246168209039,-0.0939043689314806,0.07638992136704956,10,2727,204,TRUE,0.7792803201299768,0.21006389274858203,-0.04168838189006013
fixed,cond,Education,0.10294008602752162,0.04495565834553378,2.2898137813112114,0.022032113921785466,0.014828614768987933,0.19105155728605533,10,2727,204,TRUE,0.7792803201299768,0.19256320613302808,0.5345781683568757
fixed,cond,Health,-0.09086113858999037,0.05343262100216036,-1.700480659302053,0.08904055132113203,-0.19558715135380314,0.0138648741738224,10,2727,204,TRUE,0.7792803201299768,0.20890905754993408,-0.43493154224905956
fixed,cond,Security,0.036905937385616844,0.05462170267745014,0.675664352749168,0.49925377346522887,-0.07015063263644045,0.14396250740767413,10,2727,204,TRUE,0.7792803201299768,0.23586874171122996,0.15646811492639473
fixed,cond,Culture,-0.06735398774894853,0.05925250926899329,-1.1367280235032127,0.25565200055963727,-0.18348677190980106,0.04877879641190401,10,2727,204,TRUE,0.7792803201299768,0.22002978297877315,-0.3061130490477571
fixed,cond,Religion,-0.0032342751765310116,0.04456913711972471,-0.07256759689654474,0.9421502126429118,-0.09058817875321866,0.08411962840015665,10,2727,204,TRUE,0.7792803201299768,0.1945233486081547,-0.016626668210642896
fixed,cond,Disinformation,-0.13988413664460284,0.05236074323211524,-2.671546047856813,0.007550271243927647,-0.24250930758329806,-0.037258965705907615,10,2727,204,TRUE,0.7792803201299768,0.286097827179495,-0.48893813009226694
fixed,cond,Election,0.057638031833579455,0.05584784777023574,1.032054665216621,0.3020465097271167,-0.05182173841015814,0.16709780207731706,10,2727,204,TRUE,0.7792803201299768,0.3257808985142336,0.17692268667820993
fixed,cond,Politics,0.05936274109273671,0.06328415844305209,0.9380347713109882,0.3482265411849697,-0.06467193024757173,0.18339741243304516,10,2727,204,TRUE,0.7792803201299768,0.30636333468557797,0.1937658145471649
fixed,cond,Corruption,0.036997021881706414,0.05852687195756256,0.6321373523692281,0.5272971294786641,-0.07771353928290342,0.15170758304631626,10,2727,204,TRUE,0.7792803201299768,0.24348341393384004,0.15194883825540306
fixed,cond,(Intercept),1.4413585684968682,0.05200546343009811,27.71552205152898,4.5390504172281534e-169,1.339429733174561,1.5432874038191753,15,2240,117,TRUE,0.8106730446071944,NA,NA
fixed,cond,content_leaning,0.13101561742015885,0.04133823164033352,3.1693570871649848,0.0015277656980406233,0.049994172220531055,0.21203706261978666,15,2240,117,TRUE,0.8106730446071944,0.4127525622763931,0.31741927099758704
fixed,cond,content_extremity,0.04196661500974624,0.0380356794581153,1.1033486349562827,0.2698757936244671,-0.032581946855669695,0.11651517687516216,15,2240,117,TRUE,0.8106730446071944,0.2270730549572384,0.18481547719366898
fixed,cond,publisher_leaning,0.14634316259993432,0.04628835777523523,3.1615544303934993,0.0015692948656677596,0.05561964845696871,0.23706667674289994,15,2240,117,TRUE,0.8106730446071944,0.5092477522939847,0.28737124894652766
fixed,cond,publisher_extremity,0.2925849430802897,0.06022133097945193,4.858493466046481,1.1828231156921996e-6,0.17455330325949772,0.4106165829010817,15,2240,117,TRUE,0.8106730446071944,0.3255680855508423,0.8986904922982637
fixed,cond,rph_delta,-0.2226639059495034,0.026906603832423822,-8.275437039035825,1.2798531163153962e-16,-0.2753998804073415,-0.16992793149166532,15,2240,117,TRUE,0.8106730446071944,0.2750248418680649,-0.8096137950197235
fixed,cond,toxicity,-0.17021019769650428,0.032222968734112685,-5.282263068340817,1.2759779731230796e-7,-0.23336605589032533,-0.10705433950268321,15,2240,117,TRUE,0.8106730446071944,0.14881434598110854,-1.1437754644845322
fixed,cond,reaction_score,0.9578319415275163,0.03418094694438527,28.022393384418933,8.670191187388689e-173,0.8908385165590468,1.0248253664959859,15,2240,117,TRUE,0.8106730446071944,0.156412144106565,6.123769653556675
fixed,cond,log_total_reactions,-0.05775279057767943,0.03251375911198069,-1.7762569495201386,0.07569057545837896,-0.12147858743917259,0.0059730062838137254,15,2240,117,TRUE,0.8106730446071944,1.7383126670638283,-0.03322347680709781
fixed,cond,log_author_links,0.04761499581128248,0.04721038210802569,1.0085704390684864,0.3131806902807035,-0.044915652816822,0.14014564443938696,15,2240,117,TRUE,0.8106730446071944,0.995929964415506,0.04780958251339179
fixed,cond,Economy,-0.033203845790414445,0.04357619324911209,-0.7619721530193785,0.44607662440963064,-0.11861161514203156,0.052203923561202674,15,2240,117,TRUE,0.8106730446071944,0.21137387108059372,-0.1570858574934946
fixed,cond,Education,0.12075784151298835,0.04534206227938118,2.6632631036701144,0.007738688001465068,0.031889032460629144,0.20962665056534757,15,2240,117,TRUE,0.8106730446071944,0.19516937157544526,0.6187335673533582
fixed,cond,Health,-0.07956025050112017,0.052311071590355314,-1.5209065324478812,0.12828329442779837,-0.18208806681091297,0.022967565808672624,15,2240,117,TRUE,0.8106730446071944,0.20769749700829676,-0.3830583018433873
fixed,cond,Security,0.0563645090414715,0.055546517853655414,1.0147262370248158,0.31023634375628895,-0.05250466541830419,0.16523368350124717,15,2240,117,TRUE,0.8106730446071944,0.2353306128321629,0.2395120140262861
fixed,cond,Culture,-0.10574019905073462,0.06047368956775416,-1.7485322924156013,0.08037189891293114,-0.22426645261578831,0.012786054514319092,15,2240,117,TRUE,0.8106730446071944,0.2185727673194115,-0.48377572534556
fixed,cond,Religion,-9.06060569716916e-4,0.04450321554479798,-0.020359440517390345,0.983756638916328,-0.08813076023374403,0.0863186390943102,15,2240,117,TRUE,0.8106730446071944,0.19704602230373874,-0.004598218015892039
fixed,cond,Disinformation,-0.12672507272372696,0.05294405041921944,-2.393565881724152,0.016685484454597773,-0.23049350474106978,-0.022956640706384132,15,2240,117,TRUE,0.8106730446071944,0.28679252331943533,-0.44187021076061317
fixed,cond,Election,0.07702612829236002,0.057180682409102616,1.3470655656270762,0.1779591170930755,-0.03504594984090409,0.18909820642562414,15,2240,117,TRUE,0.8106730446071944,0.32818865046428297,0.23470076793756411
fixed,cond,Politics,0.01978248691493417,0.06589697785556797,0.30020324996228404,0.7640221262314519,-0.1093732163720125,0.14893819020188084,15,2240,117,TRUE,0.8106730446071944,0.3064384937030238,0.06455614200383653
fixed,cond,Corruption,0.05238560452556795,0.05858804847989169,0.8941346551856474,0.3712498492655653,-0.06244486041950641,0.16721606947064233,15,2240,117,TRUE,0.8106730446071944,0.24427198437856668,0.21445604848561772
