effect,component,term,estimate,std.error,statistic,p.value,conf.low,conf.high,id,specification,predictor_sd,raw_estimate,raw_conf_low,raw_conf_high
fixed,cond,(Intercept),1.5357090179029713,0.03657380573224279,41.989314132248445,0,1.4640256758902108,1.6073923599157318,final,Final model,NA,NA,NA,NA
fixed,cond,content_leaning,0.1581922121164789,0.03957392230576588,3.9973852198479314,6.404602892155596e-5,0.0806287496701915,0.2357556745627663,final,Final model,0.4314506482787382,0.3666519282044954,0.18687826751879485,0.5464255888901959
fixed,cond,content_extremity,0.07241542694087844,0.03593861963128295,2.014975190584228,0.043907248641015285,0.001977026809479712,0.14285382707227717,final,Final model,0.2346613166536162,0.3085955025462118,0.008425022230647429,0.6087659828617763
fixed,cond,publisher_leaning,0.09912646167012952,0.028672455694052846,3.457201668662445,5.458162162809419e-4,0.042929481161465555,0.15532344217879349,final,Final model,0.5992102565153696,0.1654285129339854,0.07164343516266969,0.2592135907053011
fixed,cond,publisher_extremity,0.11369279901026587,0.027856484456785575,4.081376427332034,4.476977864090448e-5,0.059095092739066345,0.16829050528146539,final,Final model,0.33457387477017597,0.3398137379625448,0.17662793539890012,0.5029995405261896
fixed,cond,rph_delta,-0.1729568528161025,0.019588353395392433,-8.82957588751617,1.05073375722714e-18,-0.21134931998751455,-0.13456438564469048,final,Final model,0.26914196641086413,-0.6426231298023279,-0.7852707729157146,-0.49997548668894126
fixed,cond,toxicity,-0.14872169784791442,0.0240537122881118,-6.182900005892977,6.29345820488692e-10,-0.19586610762710208,-0.10157728806872676,final,Final model,0.1570515327225278,-0.9469611360665279,-1.2471454702269622,-0.6467768019060937
fixed,cond,reaction_score,0.950807542642319,0.03183528156204696,29.866471913848017,5.365342048196219e-196,0.888411537343015,1.013203547941623,final,Final model,0.15998613489461663,5.94306214890821,5.553053318828001,6.333070978988419
fixed,cond,log_total_reactions,-0.11514843520831673,0.022282899728569436,-5.167569598703627,2.3715766543798167e-7,-0.15882211614743016,-0.0714747542692033,final,Final model,1.5866604548389187,-0.07257282732240708,-0.10009836424867231,-0.04504729039614186
fixed,cond,log_author_links,-0.0711588770127205,0.027793172090719236,-2.5603006659496073,0.010458163983823508,-0.125632493326654,-0.016685260698787015,final,Final model,1.6871478099530393,-0.04217702598013695,-0.07446442604821382,-0.009889625912060093
fixed,cond,Economy,0.03443039506469695,0.040668310161345846,0.8466148440419374,0.39720983730995396,-0.0452780281636452,0.1141388182930391,final,Final model,0.21216998143915264,0.16227740998587542,-0.21340449698172925,0.5379593169534801
fixed,cond,Education,0.11279812411458431,0.04116539529080792,2.7401200284300855,0.006141675081561969,0.03211543193524606,0.19348081629392255,final,Final model,0.1900630185097405,0.5934774949857147,0.16897254493303854,1.0179824450383907
fixed,cond,Health,-0.09623744649611408,0.04780701888472123,-2.0130401087793173,0.04411041001291554,-0.1899374817183939,-0.002537411273834278,final,Final model,0.21061191797017456,-0.45694207347631005,-0.9018363421641293,-0.012047804788490692
fixed,cond,Security,0.07902195980907213,0.05185908959750906,1.5237822418862474,0.12756311702910872,-0.022619988073081368,0.18066390769122564,final,Final model,0.2401324593886143,0.3290765438802602,-0.09419796111976138,0.7523510488802818
fixed,cond,Culture,-0.09301981034468289,0.05615763039787953,-1.6564055442801455,0.09763971907583921,-0.20308674338163848,0.01704712269227271,final,Final model,0.2226118714933949,-0.4178564679442214,-0.9122907148627258,0.07657777897428311
fixed,cond,Religion,-0.018227076960533523,0.041190138019991156,-0.44251070369531714,0.6581196865021173,-0.09895826399795014,0.0625041100768831,final,Final model,0.19273946295764888,-0.09456847435825119,-0.5134302154805448,0.3242932667640424
fixed,cond,Disinformation,-0.10049537472454789,0.0479698883204207,-2.0949678692865996,0.03617384882346593,-0.19451462817498102,-0.00647612127411476,final,Final model,0.28456943661192474,-0.35314886911624394,-0.6835401246559237,-0.022757613576564185
fixed,cond,Election,-0.01077425205206232,0.05059365570744844,-0.2129565832199021,0.8313608274367315,-0.1099359950848806,0.08838749098075595,final,Final model,0.32350322177282964,-0.03330492967896379,-0.33982967613868104,0.2732198167807534
fixed,cond,Politics,0.08526009579333604,0.05694368415172297,1.497270453491659,0.13432289967807046,-0.02634747429106521,0.1968676658777373,final,Final model,0.30550005870376523,0.2790837296565313,-0.08624376179453899,0.6444112211076015
fixed,cond,Corruption,0.017492375461925606,0.05335814036350975,0.32782955595446855,0.7430405387469198,-0.08708765793258644,0.12207240885643764,final,Final model,0.2407258812396308,0.07266512172205035,-0.3617710629373289,0.5071013063814296
fixed,cond,(Intercept),1.6473154135055073,0.05444038631548028,30.25906913957898,3.964162446232433e-201,1.5406142170227186,1.754016609988296,no_crp,CRP omitted,NA,NA,NA,NA
fixed,cond,content_leaning,0.3392824508938346,0.06340477145728782,5.351055497808865,8.744269755839682e-8,0.2150113823895573,0.46355351939811185,no_crp,CRP omitted,0.4314506482787382,0.7863760368593572,0.498345252805483,1.0744068209132314
fixed,cond,content_extremity,0.1891050470179485,0.06012383900911301,3.145259020956492,0.0016593983945829818,0.07126448794780266,0.30694560608809435,no_crp,CRP omitted,0.2346613166536162,0.8058637431796509,0.3036908211547975,1.3080366652045043
fixed,cond,publisher_leaning,0.12065743939969498,0.030630179331445854,3.939168559676843,8.17644718455717e-5,0.060623391070057965,0.180691487729332,no_crp,CRP omitted,0.5992102565153696,0.2013607712614314,0.1011721518630297,0.3015493906598331
fixed,cond,publisher_extremity,0.11730048991765728,0.028815121678163687,4.070796272449838,4.685271134128735e-5,0.0608238892183171,0.17377709061699745,no_crp,CRP omitted,0.33457387477017597,0.35059668062317423,0.18179509461131113,0.5193982666350373
fixed,cond,rph_delta,-0.17843456136981817,0.020690414156982403,-8.624020767104934,6.4643389069238616e-18,-0.21898702794272135,-0.137882094796915,no_crp,CRP omitted,0.26914196641086413,-0.6629756174755195,-0.813648762632663,-0.5123024723183759
fixed,cond,toxicity,-0.13292270629822311,0.023976574640841068,-5.543857214358137,2.958801421786381e-8,-0.17991592906690798,-0.08592948352953825,no_crp,CRP omitted,0.1570515327225278,-0.8463636361516158,-1.1455853117000523,-0.5471419606031794
fixed,cond,log_total_reactions,-0.13632729627377962,0.022779543594949506,-5.9846368609424205,2.1687316730504924e-9,-0.18097438130414073,-0.09168021124341853,no_crp,CRP omitted,1.5866604548389187,-0.08592090126026357,-0.1140599305618376,-0.05778187195868956
fixed,cond,log_author_links,-0.05684214353438807,0.028703472853221192,-1.9803228628486003,0.04766726137867708,-0.11309991655792474,-5.843705108514036e-4,no_crp,CRP omitted,1.6871478099530393,-0.03369126474814927,-0.06703616357186441,-3.4636592443413076e-4
fixed,cond,Economy,0.12723763171447744,0.06698006182497156,1.899634432213089,0.05748111035206085,-0.004040877144732946,0.2585161405736878,no_crp,CRP omitted,0.21216998143915264,0.5996966717507463,-0.0190454706048594,1.2184388141063518
fixed,cond,Education,0.13392868737031008,0.06959631363252344,1.9243646736444833,0.05430888920940344,-0.0024775808061898164,0.27033495554681,no_crp,CRP omitted,0.1900630185097405,0.7046541111491734,-0.013035575387659348,1.422343797686006
fixed,cond,Health,-0.15443831982714765,0.08366324267030534,-1.8459518768086498,0.06489919318630653,-0.31841526229078077,0.009538622636485444,no_crp,CRP omitted,0.21061191797017456,-0.7332838583665439,-1.5118577588561375,0.04529004212304946
fixed,cond,Security,0.06400045078778922,0.08819750169829038,0.7256492480560797,0.46805382198396667,-0.10886347606727013,0.23686437764284857,no_crp,CRP omitted,0.2401324593886143,0.26652144799889455,-0.4533476080011856,0.9863905039989747
fixed,cond,Culture,-0.043109374763203104,0.09548295157011424,-0.4514876640731763,0.6516381139264708,-0.2302525209782092,0.14403377145180296,no_crp,CRP omitted,0.2226118714933949,-0.19365263170379574,-1.034322740443072,0.6470174770354805
fixed,cond,Religion,-0.0655672678619281,0.07299005018505768,-0.8983041893475893,0.36902339969431297,-0.20862513745441222,0.07749060173055602,no_crp,CRP omitted,0.19273946295764888,-0.3401860047536573,-1.0824204563662914,0.40204844685897684
fixed,cond,Disinformation,-0.2435488323838752,0.07937744604942858,-3.0682371946335563,0.002153256316218466,-0.39912576782552633,-0.08797189694222404,no_crp,CRP omitted,0.28456943661192474,-0.8558502813357625,-1.402560206666977,-0.3091403560045479
fixed,cond,Election,0.17296361484080044,0.08393959922422346,2.060572321518617,0.039343859611590676,0.00844502348459622,0.33748220619700464,no_crp,CRP omitted,0.32350322177282964,0.5346580905529865,0.02610491307726908,1.043211268028704
fixed,cond,Politics,-0.04208020743680808,0.09508201219403165,-0.4425674895366747,0.6580786042895321,-0.2284375269147083,0.14427711204109217,no_crp,CRP omitted,0.30550005870376523,-0.137742060068185,-0.7477495352503932,0.4722654151140233
fixed,cond,Corruption,0.08463782063748816,0.08919091941500729,0.9489510949390099,0.34264548580805204,-0.09017316916394034,0.25944881043891665,no_crp,CRP omitted,0.2407258812396308,0.3515941875532501,-0.3745885930486111,1.0777769681551113
fixed,cond,(Intercept),1.5361873371521904,0.038131046327074154,40.28704914036027,0,1.4614518596582968,1.610922814646084,bp2,At least 2 bias-scored links,NA,NA,NA,NA
fixed,cond,content_leaning,0.1505101151234728,0.03980890825190287,3.7808149414968795,1.5631583847772543e-4,0.07248608868588381,0.22853414156106178,bp2,At least 2 bias-scored links,0.4273575259698383,0.3521878192782672,0.16961463009545708,0.5347610084610773
fixed,cond,content_extremity,0.057190625633918746,0.03639812686239295,1.5712518902451789,0.11612415130709215,-0.0141483921210913,0.1285296433889288,bp2,At least 2 bias-scored links,0.2331565190409897,0.24528855495507051,-0.06068194953023795,0.551259059440379
fixed,cond,publisher_leaning,0.10414455375442896,0.029899460358366325,3.4831583080825648,4.955352432592493e-4,0.04554268829484792,0.16274641921401,bp2,At least 2 bias-scored links,0.5827221886271615,0.17872076228946027,0.07815506116583992,0.2792864634130806
fixed,cond,publisher_extremity,0.0897964573409409,0.030730191146650866,2.922092378547648,0.0034768839954036086,0.029566389455473588,0.1500265252264082,bp2,At least 2 bias-scored links,0.31976238079361835,0.2808224567195023,0.09246362684094594,0.4691812865980586
fixed,cond,rph_delta,-0.20056585979243646,0.020485181149803508,-9.790777944590461,1.2334319180184623e-22,-0.24071607706283016,-0.16041564252204277,bp2,At least 2 bias-scored links,0.2755403368080268,-0.7279001764891279,-0.873614657844237,-0.5821856951340189
fixed,cond,toxicity,-0.16222508300379782,0.02492073501997177,-6.509642788376375,7.532972095598441e-11,-0.21106882611120853,-0.1133813398963871,bp2,At least 2 bias-scored links,0.15775126359321712,-1.0283599592718131,-1.337985010728522,-0.7187349078151042
fixed,cond,reaction_score,0.9396403023085768,0.03233186470484848,29.062360333571124,1.0740455592269818e-185,0.876271011934052,1.0030095926831015,bp2,At least 2 bias-scored links,0.1583554835850976,5.933740221907944,5.533569107274763,6.3339113365411235
fixed,cond,log_total_reactions,-0.11346504083648305,0.02329398512597512,-4.871001686609571,1.1103389205518127e-6,-0.15912041273980598,-0.06780966893316012,bp2,At least 2 bias-scored links,1.6081285072993665,-0.07055719758804113,-0.09894757291942241,-0.04216682225665986
fixed,cond,log_author_links,-0.12970483819975845,0.03096434595190259,-4.188844757167842,2.803781139003265e-5,-0.19039384107032614,-0.06901583532919077,bp2,At least 2 bias-scored links,1.5315008740240654,-0.08469132496082422,-0.12431846713221945,-0.045064182789429
fixed,cond,Economy,0.026797127335990184,0.041453301664118196,0.6464413269929151,0.5179935834508347,-0.054449850965955754,0.10804410563793612,bp2,At least 2 bias-scored links,0.21191221973889698,0.12645390326715317,-0.2569453098695533,0.5098531164038597
fixed,cond,Education,0.11909672579019381,0.042308462228270706,2.814962291647954,0.004878295759534997,0.03617366358151,0.20201978799887763,bp2,At least 2 bias-scored links,0.18973231133468357,0.6277092444212617,0.19065631640200947,1.0647621724405139
fixed,cond,Health,-0.10119716141727561,0.04903742277417738,-2.0636721037175922,0.03904881603308171,-0.19730874394932746,-0.005085578885223749,bp2,At least 2 bias-scored links,0.21062576460818203,-0.48045955633931253,-0.9367740186789226,-0.024145093999702414
fixed,cond,Security,0.078712214875932,0.05287275667465258,1.4887102512978478,0.1365636843718954,-0.02491648396973678,0.18234091372160077,bp2,At least 2 bias-scored links,0.2402998854467529,0.3275582704902018,-0.10368912129697176,0.7588056622773753
fixed,cond,Culture,-0.1018165317243169,0.05726963670946551,-1.7778449030651644,0.07542933134660057,-0.21406295708256223,0.010429893633928447,bp2,At least 2 bias-scored links,0.22289436584451838,-0.4567927562392482,-0.9603785015897774,0.04679298911128107
fixed,cond,Religion,-0.0024843070646102462,0.04213593695304583,-0.05895934074940907,0.9529844931254063,-0.08506922594743044,0.08010061181820993,bp2,At least 2 bias-scored links,0.19320935055641889,-0.012858109907495424,-0.44029559492044074,0.4145793751054498
fixed,cond,Disinformation,-0.11932854644772782,0.04932050417035587,-2.419451067157792,0.015543951907297213,-0.21599495832098284,-0.022662134574472803,bp2,At least 2 bias-scored links,0.28531969542966096,-0.4182275123630417,-0.7570278595584421,-0.07942716516764134
fixed,cond,Election,0.001986767783132018,0.05196226381761443,0.03823481960111471,0.9695004591565756,-0.09985739785456102,0.10383093342082506,bp2,At least 2 bias-scored links,0.32424498769090293,0.006127366215529503,-0.3079689791527428,0.32022371158380175
fixed,cond,Politics,0.07997568921832668,0.05845400098370767,1.3681816107098905,0.17125523624630562,-0.03459204746200922,0.19454342589866258,bp2,At least 2 bias-scored links,0.3056153363418708,0.26168742110789683,-0.11318819230757936,0.636563034523373
fixed,cond,Corruption,0.03862537188955701,0.05486037989115776,0.7040667958586728,0.48139117701786305,-0.06889899687529757,0.1461497406544116,bp2,At least 2 bias-scored links,0.24203563608521092,0.15958547474372156,-0.28466467991945216,0.6038356294068954
fixed,cond,(Intercept),1.5045095466012504,0.04136117231775739,36.374925136136106,1.0608571013186754e-289,1.4234431385000907,1.58557595470241,bp5,At least 5 bias-scored links,NA,NA,NA,NA
fixed,cond,content_leaning,0.14159779281605642,0.040831693591063145,3.4678403064586085,5.24658971224297e-4,0.06156914394979772,0.2216264416823151,bp5,At least 5 bias-scored links,0.42001761133013255,0.3371234657700127,0.14658705323050028,0.527659878309525
fixed,cond,content_extremity,0.040047692170119296,0.037569800765289665,1.065954339771717,0.28644428297320534,-0.033587764236193786,0.11368314857643239,bp5,At least 5 bias-scored links,0.23272235151251888,0.1720835661458371,-0.14432547633649617,0.4884926086281704
fixed,cond,publisher_leaning,0.12999504832311493,0.03544257091069784,3.667765768195945,2.4467917219341337e-4,0.06052888581864019,0.19946121082758966,bp5,At least 5 bias-scored links,0.538749277055449,0.24129043668254543,0.11235075089002942,0.37023012247506143
fixed,cond,publisher_extremity,0.13320759444502134,0.0402239725673193,3.3116469096154932,9.274852740669658e-4,0.054370056897948396,0.2120451319920943,bp5,At least 5 bias-scored links,0.3142881194769747,0.4238391023710979,0.1729943116794513,0.6746838930627446
fixed,cond,rph_delta,-0.21937391156420766,0.022877145831683387,-9.58921681831432,8.875615624025458e-22,-0.2642122934633777,-0.1745355296650376,bp5,At least 5 bias-scored links,0.27469576747026864,-0.7986068135831446,-0.9618360555627214,-0.6353775716035678
fixed,cond,toxicity,-0.1695379636663626,0.028645636986387314,-5.918456753010195,3.249764295805669e-9,-0.22568238047389022,-0.11339354685883497,bp5,At least 5 bias-scored links,0.1573615718632459,-1.077378432732602,-1.4341645028178678,-0.7205923626473364
fixed,cond,reaction_score,0.9737588216661353,0.03344929564906033,29.111489577613586,2.5684787398958943e-186,0.9081994068857446,1.0393182364465259,bp5,At least 5 bias-scored links,0.159363079739253,6.110316286930335,5.698932327184716,6.521700246675953
fixed,cond,log_total_reactions,-0.09314055545746282,0.025224462096002397,-3.6924694410916237,2.2208703381152743e-4,-0.14257959269502324,-0.04370151821990241,bp5,At least 5 bias-scored links,1.6538475999341877,-0.05631749591750122,-0.08621084113233708,-0.026424150702665374
fixed,cond,log_author_links,-0.11458912039301307,0.035428080016205434,-3.2344151966631545,0.0012189211329613472,-0.18402688126617892,-0.04515135951984722,bp5,At least 5 bias-scored links,1.3020518012562807,-0.08800657568497053,-0.14133606749640923,-0.034677083873531814
fixed,cond,Economy,-0.004998929392568407,0.04197814832646786,-0.11908408521717728,0.9052087391737689,-0.08727458825012574,0.07727672946498892,bp5,At least 5 bias-scored links,0.2089388689641016,-0.02392532044110609,-0.41770393743789547,0.3698532965556833
fixed,cond,Education,0.10994714861320268,0.04360418554137391,2.5214815332092178,0.011686180924560837,0.024484515376907684,0.19540978184949767,bp5,At least 5 bias-scored links,0.19055469123157448,0.5769847380959398,0.12849075096845822,1.0254787252234214
fixed,cond,Health,-0.07265199629585722,0.05192233053467921,-1.3992437463363196,0.1617399022620424,-0.1744178941372128,0.02911390154549834,bp5,At least 5 bias-scored links,0.20792120831751434,-0.3494208064860373,-0.8388653353286646,0.14002372235659
fixed,cond,Security,0.031073813287027165,0.05347701901305718,0.5810685386079588,0.561194261602918,-0.07373921797912858,0.13588684455318292,bp5,At least 5 bias-scored links,0.2356711012660438,0.13185245505323387,-0.31289036959981803,0.5765952797062858
fixed,cond,Culture,-0.07442352999864314,0.05777789926881219,-1.2880968491496552,0.19771225202402384,-0.18766613166789814,0.03881907167061184,bp5,At least 5 bias-scored links,0.21905737628777808,-0.33974445992118585,-0.8566985273363226,0.17720960749395082
fixed,cond,Religion,-0.001969575924610254,0.04315624702324143,-0.04563825773704455,0.9635985756626623,-0.08655426579807736,0.08261511394885686,bp5,At least 5 bias-scored links,0.193595936271698,-0.010173642910800028,-0.44708720371384586,0.42673991789224586
fixed,cond,Disinformation,-0.13842664860227868,0.050389095476371625,-2.747154861455878,0.006011474248619974,-0.2371874609495172,-0.039665836255040166,bp5,At least 5 bias-scored links,0.2842570884531477,-0.4869769452560008,-0.8344117722454311,-0.13954211826657065
fixed,cond,Election,0.04067009417770982,0.05349013839681931,0.7603288268950934,0.4470580548665768,-0.06416865060811908,0.14550883896353872,bp5,At least 5 bias-scored links,0.32281637609388025,0.12598522624478722,-0.19877755702659208,0.4507480095161665
fixed,cond,Politics,0.08129096304427938,0.060428442294088384,1.3452433979459362,0.1785466456898765,-0.03714660749399079,0.19972853358254955,bp5,At least 5 bias-scored links,0.30464169655253925,0.2668412235232538,-0.12193540120856174,0.6556178482550693
fixed,cond,Corruption,0.02731396251030222,0.056575177231647844,0.48279057789717256,0.6292444415312414,-0.083571347282698,0.13819927230330245,bp5,At least 5 bias-scored links,0.24244401597580006,0.11266090606677877,-0.3447036914742404,0.570025503607798
fixed,cond,(Intercept),1.5439253935279884,0.035886823425926376,43.022068997407615,0,1.4735885120936245,1.6142622749623523,window,Twitter-window posts only,NA,NA,NA,NA
fixed,cond,content_leaning,0.16077141703099262,0.03976954800803892,4.042575917596415,5.286718736606749e-5,0.08282453525379971,0.23871829880818554,window,Twitter-window posts only,0.4284894898394772,0.37520504199816335,0.1932942049169697,0.557115879079357
fixed,cond,content_extremity,0.0664127205790545,0.036259306004287124,1.8316048456967757,0.06701031435816836,-0.004654213293765183,0.13747965445187416,window,Twitter-window posts only,0.23492729018461112,0.2826947883613943,-0.019811292634873533,0.585200869357662
fixed,cond,publisher_leaning,0.10028224091706565,0.029591769417613857,3.388855850484386,7.018489583084255e-4,0.0422834386197287,0.15828104321440262,window,Twitter-window posts only,0.5950791454172508,0.1685191653737939,0.07105515114309859,0.26598317960448925
fixed,cond,publisher_extremity,0.1334401615341147,0.0290468721420472,4.5939597517266435,4.34913297628246e-6,0.07650933827216239,0.190370984796067,window,Twitter-window posts only,0.33623354561767926,0.3968674847388528,0.22754820055687955,0.5661867689208261
fixed,cond,rph_delta,-0.17298232580449202,0.020848123216080674,-8.297261293576128,1.0653888209495704e-16,-0.2138438964532635,-0.13212075515572055,window,Twitter-window posts only,0.26693122829658383,-0.6480407965316579,-0.8011198158338533,-0.4949617772294626
fixed,cond,toxicity,-0.14389023681951202,0.024457104979192453,-5.883371598638946,4.01991983054071e-9,-0.19182528174484445,-0.09595519189417959,window,Twitter-window posts only,0.15391736896642405,-0.9348537971104524,-1.246287427032941,-0.6234201671879638
fixed,cond,reaction_score,0.9618657677638836,0.03206202470485396,30.000156777942472,9.767329306206987e-198,0.8990253540709363,1.0247061814568308,window,Twitter-window posts only,0.16128664214034172,5.963703844283193,5.574084388765808,6.353323299800578
fixed,cond,log_total_reactions,-0.11127353468986846,0.02295992796308987,-4.846423510942656,1.2570702130931667e-6,-0.1562741665851587,-0.06627290279457825,window,Twitter-window posts only,1.597803773072712,-0.06964155208863979,-0.0978056061819345,-0.0414774979953451
fixed,cond,log_author_links,-0.07633776402006184,0.027861839673215982,-2.73986803870121,0.006146385672387541,-0.1309459663225944,-0.0217295617175293,window,Twitter-window posts only,1.6917535606448573,-0.04512345402776256,-0.07740250670592992,-0.012844401349595207
fixed,cond,Economy,0.03994071230145937,0.04063934784551646,0.982808888894752,0.32570150619639315,-0.039710945830948315,0.11959237043386706,window,Twitter-window posts only,0.21058121354755743,0.18966892453793938,-0.18857781832461534,0.5679156674004942
fixed,cond,Education,0.08949503177625386,0.04098031710004162,2.183854057492468,0.02897297386815523,0.009175086185141387,0.16981497736736634,window,Twitter-window posts only,0.18957419911928278,0.47208445132315874,0.04839839085575297,0.8957705117905647
fixed,cond,Health,-0.033721520872009254,0.04900289366588913,-0.6881536650045378,0.49135601894565484,-0.12976542759539786,0.06232238585137936,window,Twitter-window posts only,0.21025778993705263,-0.16038179076316206,-0.6171729838606563,0.2964094023343323
fixed,cond,Security,0.04450520444608058,0.05219697049010701,0.8526396077817531,0.39385919091648813,-0.057798977816629155,0.14680938670879032,window,Twitter-window posts only,0.23986271819287783,0.18554448470100787,-0.2409669091223755,0.6120558785243913
fixed,cond,Culture,-0.08210309738448698,0.056055668468579865,-1.4646707394187466,0.1430107718145366,-0.19197018871222102,0.02776399394324705,window,Twitter-window posts only,0.22032112397746206,-0.3726519541216837,-0.8713199408507863,0.12601603260741895
fixed,cond,Religion,-0.015058955218086662,0.04187203687663756,-0.35964228973271617,0.7191146541081915,-0.09712663945562927,0.06700872901945595,window,Twitter-window posts only,0.19304608214993363,-0.07800704914793755,-0.503126706193362,0.3471126078974869
fixed,cond,Disinformation,-0.10732500719895946,0.048016711901243236,-2.2351594465630336,0.025406882798099762,-0.20143603318143197,-0.013213981216486953,window,Twitter-window posts only,0.28448999769928024,-0.37725406188939975,-0.7080601596206544,-0.04644796415814511
fixed,cond,Election,-0.0043085338585131215,0.052046279195653265,-0.08278274499347796,0.9340242895290952,-0.10631736661130979,0.09770029889428354,window,Twitter-window posts only,0.3285730089129955,-0.013112866065191617,-0.32357303773379054,0.2973473056034073
fixed,cond,Politics,0.09438034148349635,0.057989869376271506,1.6275315412611573,0.10362425534601677,-0.019277713962177992,0.2080383969291707,window,Twitter-window posts only,0.3065371794286929,0.30789198771710896,-0.06288866491858094,0.678672640352799
fixed,cond,Corruption,0.0013426657052568102,0.05363101154716334,0.025035248572107656,0.9800268481179105,-0.10377218538163509,0.1064575167921487,window,Twitter-window posts only,0.23908846032779055,0.005615769591790478,-0.43403259713732445,0.44526413632090533
fixed,cond,(Intercept),1.536698744033326,0.03861023814875795,39.80029178045254,0,1.461024067827246,1.612373420239406,linkout,Leave-link-out page bias,NA,NA,NA,NA
fixed,cond,content_leaning,0.15773710546235034,0.038541927988072655,4.092610663150124,4.265435674629888e-5,0.08219631471099165,0.23327789621370904,linkout,Leave-link-out page bias,0.4273575259698383,0.3690986957685706,0.19233618157175694,0.5458612099653842
fixed,cond,content_extremity,0.07786787843185745,0.03610504043542781,2.1567038145579853,0.03102874958891595,0.007103299518056605,0.1486324573456583,linkout,Leave-link-out page bias,0.2331565190409897,0.33397255522659447,0.03046579845707776,0.6374793119961112
fixed,cond,publisher_leaning,0.08753943873216656,0.0261904917663831,3.342412945622049,8.3053402340296e-4,0.036207018132662874,0.13887185933167023,linkout,Leave-link-out page bias,0.6009957554244381,0.1456573327549444,0.06024504799887078,0.231069617511018
fixed,cond,publisher_extremity,0.025181056753588532,0.02793318010728203,0.9014747571481833,0.36733594933873553,-0.029566970230354914,0.07992908373753198,linkout,Leave-link-out page bias,0.33343006459042784,0.07552125446312088,-0.08867517770682676,0.23971768663306853
fixed,cond,rph_delta,-0.19184527527162545,0.021259075128995882,-9.024159052430367,1.8108078500577133e-19,-0.2335122968690886,-0.15017825367416232,linkout,Leave-link-out page bias,0.32981630782581317,-0.5816731032382585,-0.7080071279932407,-0.4553390784832762
fixed,cond,toxicity,-0.16493346288116245,0.025043849339899126,-6.585787218356856,4.524814569683299e-11,-0.21401850562161193,-0.11584842014071298,linkout,Leave-link-out page bias,0.15775126359321712,-1.0455286323820874,-1.3566833047593676,-0.7343739600048069
fixed,cond,reaction_score,0.9395610899672343,0.032339364519355256,29.05317107900815,1.4032165228367347e-185,0.8761771002263855,1.002945079708083,linkout,Leave-link-out page bias,0.1583554835850976,5.933240003415037,5.532976063664651,6.3335039431654225
fixed,cond,log_total_reactions,-0.1155154879417472,0.0234995213476205,-4.915652801304567,8.848710085582398e-7,-0.16157370343701352,-0.06945727244648087,linkout,Leave-link-out page bias,1.6081285072993665,-0.07183224936155119,-0.1004731292950926,-0.04319136942800978
fixed,cond,log_author_links,-0.17559598918700633,0.032287247915615575,-5.438555483141076,5.3714283214413534e-8,-0.23887783226152878,-0.11231414611248389,linkout,Leave-link-out page bias,1.5315008740240654,-0.11465614689831845,-0.15597629509271513,-0.07333599870392175
fixed,cond,Economy,0.024916206549024773,0.04140970788466402,0.6016996453687234,0.5473740861131329,-0.05624532951524099,0.10607774261329053,linkout,Leave-link-out page bias,0.21191221973889698,0.11757796025035618,-0.2654180565167146,0.5005739770174269
fixed,cond,Education,0.11784684527410373,0.04223992518201469,2.789939725657508,0.0052717854816203445,0.035058113207688466,0.200635577340519,linkout,Leave-link-out page bias,0.18973231133468357,0.6211216447272627,0.18477671494681122,1.0574665745077143
fixed,cond,Health,-0.10032499927513104,0.049011069981235236,-2.0469865137313317,0.04065940871822058,-0.19638493128212425,-0.004265067268137815,linkout,Leave-link-out page bias,0.21062576460818205,-0.47631874220972575,-0.9323879803947566,-0.020249504024694862
fixed,cond,Security,0.08005625544471788,0.05283943167841775,1.5150854750282416,0.12975075952360984,-0.023507127608545703,0.18361963849798146,linkout,Leave-link-out page bias,0.2402998854467529,0.3331514507211749,-0.0978241315631195,0.7641270330054694
fixed,cond,Culture,-0.10488270480374703,0.05728264790124171,-1.830968166565385,0.06710529464505585,-0.21715463162926968,0.00738922202177561,linkout,Leave-link-out page bias,0.2228943658445184,-0.47054892754404,-0.9742490834458664,0.033151228357786375
fixed,cond,Religion,5.19154090094184e-5,0.042129412695488484,0.0012322841855086641,0.9990167797227018,-0.08252021616397251,0.08262404698199136,linkout,Leave-link-out page bias,0.19320935055641889,2.687002925060743e-4,-0.4271026010196947,0.42764000160470694
fixed,cond,Disinformation,-0.11637146953994551,0.049308475440930845,-2.360070322582836,0.01827147107964727,-0.21301430553674772,-0.019728633543143317,linkout,Leave-link-out page bias,0.28531969542966096,-0.4078634297036611,-0.7465811472144289,-0.06914571219289332
fixed,cond,Election,-0.0010687120077242076,0.051990499724299505,-0.020555909510227486,0.9835999121403188,-0.10296821900559082,0.1008307949901424,linkout,Leave-link-out page bias,0.32424498769090293,-0.003296001629308121,-0.31756302460949254,0.3109710213508763
fixed,cond,Politics,0.08155956331753914,0.05844971852746506,1.3953799158025875,0.16290130452320212,-0.03299977990279589,0.19611890653787417,linkout,Leave-link-out page bias,0.3056153363418709,0.26686999511799386,-0.10797815416527821,0.641718144401266
fixed,cond,Corruption,0.035490350876773324,0.05482480258277726,0.6473411522675014,0.5174111732016536,-0.07196428764498862,0.14294498939853528,linkout,Leave-link-out page bias,0.24203563608521095,0.1466327498330808,-0.29732930575418615,0.5905948054203478
fixed,cond,(Intercept),1.5085029380916117,0.03129605188478624,48.20106202677057,0,1.4471638035391339,1.5698420726440896,min25,Minimum 25 reactions,NA,NA,NA,NA
fixed,cond,content_leaning,0.12288069714644174,0.03700680135240132,3.3204895493749063,8.985972334457105e-4,0.05034869931270701,0.1954126949801765,min25,Minimum 25 reactions,0.43320502861980936,0.28365482630231575,0.11622371853142587,0.45108593407320563
fixed,cond,content_extremity,0.04577941734485079,0.03356755915009589,1.3637994094283146,0.1726307062275714,-0.02001178963825509,0.11157062432795667,min25,Minimum 25 reactions,0.2346781759644433,0.19507317694418652,-0.08527333040668907,0.47541968429506215
fixed,cond,publisher_leaning,0.09166401936150215,0.025619566379790716,3.5778911322171623,3.4637765881167983e-4,0.041450591957579136,0.14187744676542516,min25,Minimum 25 reactions,0.6088607030846247,0.15055006653757042,0.06807894112328346,0.23302119195185736
fixed,cond,publisher_extremity,0.08248964943427575,0.02307288450985961,3.5751771478345455,3.499908346704096e-4,0.03726762677549883,0.12771167209305267,min25,Minimum 25 reactions,0.3289000138857493,0.2508046395611596,0.11330989723960476,0.3882993818827145
fixed,cond,rph_delta,-0.1705264902239132,0.018001614516547387,-9.472844231119513,2.7232558515399792e-21,-0.2058090063399195,-0.1352439741079069,min25,Minimum 25 reactions,0.27692327000000505,-0.6157896742440969,-0.7431986713861777,-0.4883806771020161
fixed,cond,toxicity,-0.1333974615724398,0.023301026300314078,-5.724960774394805,1.0345764220735338e-8,-0.17906663392387598,-0.08772828922100365,min25,Minimum 25 reactions,0.15962109452284864,-0.8357132368450518,-1.121823117797528,-0.5496033558925757
fixed,cond,reaction_score,0.9137682235370995,0.029331423058309342,31.153218230175053,4.587728958115697e-213,0.8562796907275055,0.9712567563466935,min25,Minimum 25 reactions,0.15823666501056782,5.774693390283937,5.411386107450627,6.138000673117246
fixed,cond,log_total_reactions,-0.17857384812876856,0.01945271594649722,-9.179892855060361,4.3152057677192386e-20,-0.2167004707853911,-0.14044722547214603,min25,Minimum 25 reactions,1.7371807552827883,-0.10279520285135745,-0.12474261537056651,-0.08084779033214838
fixed,cond,log_author_links,-0.06874316307675839,0.02251107202539449,-3.0537489729147502,0.0022600110314455724,-0.11286405349991871,-0.024622272653598072,min25,Minimum 25 reactions,1.67672289871174,-0.04099852344688269,-0.06731228731153754,-0.014684759582227844
fixed,cond,Economy,0.03249450254253715,0.038055606281154446,0.8538690016516379,0.39317757678087806,-0.04209311517836181,0.10708212026343611,min25,Minimum 25 reactions,0.21647946375039132,0.15010431927161688,-0.19444391837045893,0.49465255691369264
fixed,cond,Education,0.11254709985344269,0.0391654166890914,2.873634685081495,0.004057780206665287,0.035784293703319606,0.1893099060035658,min25,Minimum 25 reactions,0.19211733007731777,0.5858248176161308,0.18626270565449868,0.9853869295777631
fixed,cond,Health,-0.09349669190172968,0.045196224533139484,-2.068683675849397,0.03857578004235205,-0.18207966422386868,-0.004913719579590692,min25,Minimum 25 reactions,0.2150032246025491,-0.4348618123033546,-0.8468694577044494,-0.022854166902259727
fixed,cond,Security,0.04947555389464734,0.04967579111177809,0.9959691187065308,0.31926514992762206,-0.04788720758797262,0.1468383153772673,min25,Minimum 25 reactions,0.24462952033838797,0.2022468663070975,-0.19575400189532247,0.6002477345095174
fixed,cond,Culture,-0.06651600622284654,0.054838982713317275,-1.2129328979454896,0.22515547656541482,-0.173998437289763,0.04096642484406991,min25,Minimum 25 reactions,0.2264193443793,-0.2937735130591061,-0.7684786729100277,0.18093164679181536
fixed,cond,Religion,-0.02250404971036783,0.039231237676008696,-0.5736257901475756,0.5662210557371011,-0.0993958626242757,0.05438776320354004,min25,Minimum 25 reactions,0.19447701503733836,-0.11571572972799482,-0.5110931109529439,0.27966165149695416
fixed,cond,Disinformation,-0.08833650754290882,0.04557595395193688,-1.938226189101078,0.052595632943491885,-0.17766373584976103,9.907207639433813e-4,min25,Minimum 25 reactions,0.28585717614795236,-0.3090232287790743,-0.6215122469334365,0.0034657893752879218
fixed,cond,Election,-0.03524917849764271,0.047707351156477125,-0.7388626206059442,0.45999042213243013,-0.12875386856214316,0.05825551156685772,min25,Minimum 25 reactions,0.3248364953765387,-0.10851360299520268,-0.3963651572243948,0.1793379512339894
fixed,cond,Politics,0.08411175990701976,0.05373057361142716,1.5654357333927897,0.1174807753031176,-0.021198229240055683,0.1894217490540952,min25,Minimum 25 reactions,0.30601802720420335,0.27485883977316367,-0.06927117802086305,0.6189888575671904
fixed,cond,Corruption,0.03650552901106187,0.05048041393024272,0.7231622359814185,0.4695802169217493,-0.06243426421688787,0.13544532223901162,min25,Minimum 25 reactions,0.24222219372802214,0.15071091731607344,-0.2577561669967858,0.5591780016289327
fixed,cond,(Intercept),1.5346442242089005,0.04196409276621848,36.570413490371095,8.449300000478745e-293,1.4523961137432144,1.6168923346745865,min100,Minimum 100 reactions,NA,NA,NA,NA
fixed,cond,content_leaning,0.12567923943285353,0.03895822398292626,3.226000227524063,0.0012553325722093305,0.04932252352467349,0.20203595534103358,min100,Minimum 100 reactions,0.4249787547846278,0.2957306406917816,0.11605879816196772,0.4754024832215955
fixed,cond,content_extremity,0.06678974496785922,0.03571937074005775,1.8698466289877098,0.06150511902788665,-0.0032189352330877774,0.13679842516880622,min100,Minimum 100 reactions,0.23321814515236128,0.2863831410897532,-0.013802250382297007,0.5865685325618034
fixed,cond,publisher_leaning,0.1449257859531851,0.03202296529949562,4.5256828840728165,6.020079460162748e-6,0.08216192728799777,0.20768964461837242,min100,Minimum 100 reactions,0.57713198188297965,0.2511137668724283,0.14236245757847651,0.3598650761663802
fixed,cond,publisher_extremity,0.10481357818216624,0.033409829658070746,3.137207799467084,0.001705651935675378,0.03933151532272945,0.17029564104160305,min100,Minimum 100 reactions,0.3436002495478113,0.3050451165856375,0.11446882059745578,0.49562141257381925
fixed,cond,rph_delta,-0.16743784355951213,0.021098240363144984,-7.936104655059168,2.086299891840346e-15,-0.20878963480844556,-0.1260860523105787,min100,Minimum 100 reactions,0.26347580338811455,-0.6354960926444804,-0.7924432988667532,-0.4785488864222075
fixed,cond,toxicity,-0.17744426287334883,0.026202422832784854,-6.772055546379779,1.269653706141253e-11,-0.2288000679332971,-0.12608845781340056,min100,Minimum 100 reactions,0.15150034335688653,-1.1712466053977626,-1.510228048753111,-0.8322651620424142
fixed,cond,reaction_score,0.9532221821756484,0.031837551467413974,29.94018504065176,5.905108434395312e-197,0.8908217279435766,1.01562263640772,min100,Minimum 100 reactions,0.15990503650530388,5.961176727188521,5.570942275567593,6.351411178809449
fixed,cond,log_total_reactions,-0.06535516112745932,0.025144804664028342,-2.5991516737035987,0.009345447058556005,-0.11463807266724962,-0.016072249587669,min100,Minimum 100 reactions,1.437678375775042,-0.045458819043742535,-0.07973832993450226,-0.011179308152982802
fixed,cond,log_author_links,-0.09056001358190843,0.03375023932521881,-2.6832406345113022,0.007291250647761333,-0.1567092671289447,-0.024410760034872164,min100,Minimum 100 reactions,1.694106749161313,-0.05345590744310605,-0.09250259300750996,-0.014409221878702147
fixed,cond,Economy,0.004564773110199378,0.040425441234025035,0.11291832496703406,0.910095308026053,-0.07466763576763012,0.08379718198802887,min100,Minimum 100 reactions,0.20999399351975345,0.021737636556590292,-0.35557034044693464,0.3990456135601152
fixed,cond,Education,0.05628527916718372,0.04143448705410241,1.3584162172368668,0.17433165122835936,-0.0249248231767481,0.13749538151111554,min100,Minimum 100 reactions,0.18781467298914786,0.29968520707876717,-0.1327096694846003,0.7320800836421346
fixed,cond,Health,-0.05584547129698879,0.048268657480923884,-1.15697171231786,0.24728391776025951,-0.15045030154169942,0.03875935894772185,min100,Minimum 100 reactions,0.20776746990901893,-0.268788330153144,-0.7241282844113247,0.18655162410503684
fixed,cond,Security,0.09518235192912093,0.051322325892200524,1.8545993439394342,0.06365346189244356,-0.005407558422419564,0.1957722622806614,min100,Minimum 100 reactions,0.23630445085075635,0.40279542592803547,-0.022883861911830155,0.828474713767901
fixed,cond,Culture,-0.08774733991253442,0.05492695714322787,-1.597527780097556,0.11014811035474933,-0.1954021976936361,0.019907517868567245,min100,Minimum 100 reactions,0.21963105354578316,-0.39952155442464815,-0.8896838335882387,0.09064072473894237
fixed,cond,Religion,-0.004860151894468847,0.04032135008051164,-0.12053544548395183,0.9040590028842644,-0.08388854586030285,0.07416824207136515,min100,Minimum 100 reactions,0.19215992224181994,-0.025292224506381113,-0.43655588991514543,0.38597144090238317
fixed,cond,Disinformation,-0.09461073063256062,0.047271016787057786,-2.0014532595893697,0.04534356600493268,-0.18726022104778217,-0.0019612402173390803,min100,Minimum 100 reactions,0.2815080949102602,-0.33608529325851483,-0.6652036812919268,-0.006966905225102991
fixed,cond,Election,0.007702238992884257,0.05047442007106399,0.15259687941020647,0.878716186047901,-0.09122580648694677,0.10663028447271529,min100,Minimum 100 reactions,0.3208612163783869,0.024004892457308146,-0.2843154667199339,0.33232525163455023
fixed,cond,Politics,0.09743711710008562,0.05655227660518635,1.7229565801626767,0.08489637727018398,-0.01340330828982668,0.2082775424899979,min100,Minimum 100 reactions,0.30308346759104837,0.3214860839310374,-0.0442231587105629,0.6871953265726376
fixed,cond,Corruption,0.011709015060198157,0.052704207537064174,0.22216471145996847,0.8241856638394933,-0.09158933354617207,0.11500736366656839,min100,Minimum 100 reactions,0.23873938216541415,0.04904517618331353,-0.38363730657019557,0.4817276589368226
