term,estimate,conf.low,conf.high,old_estimate,old_low,old_high,estimate_difference,low_difference,high_difference
(Intercept),1.5357090179029713,1.4640256758902108,1.6073923599157318,1.5357158407191307,1.4640320200999275,1.607399661338334,-6.822816159379741e-6,-6.344209716679927e-6,-7.301422602079555e-6
content_leaning,0.1581922121164789,0.0806287496701915,0.2357556745627663,0.15819376290427412,0.08063030243703713,0.23575722337151112,-1.5507877952070093e-6,-1.5527668456305488e-6,-1.5488087448112253e-6
content_extremity,0.07241542694087844,0.001977026809479712,0.14285382707227717,0.07241771783048205,0.00197930043010792,0.14285613523085616,-2.2908896036150095e-6,-2.2736206282077988e-6,-2.308158578989694e-6
publisher_leaning,0.09912646167012952,0.042929481161465555,0.15532344217879349,0.09912491078528678,0.04292787792406883,0.15532194364650473,1.5508848427436828e-6,1.603237396723134e-6,1.4985322887572927e-6
publisher_extremity,0.11369279901026587,0.059095092739066345,0.16829050528146539,0.113691555575429,0.05909375679237775,0.16828935435848028,1.2434348368728365e-6,1.3359466885937143e-6,1.1509229851103253e-6
rph_delta,-0.1729568528161025,-0.21134931998751455,-0.13456438564469048,-0.17295693220211142,-0.2113494141824056,-0.13456445022181726,7.938600890544656e-8,9.419489105377821e-8,6.457712678487049e-8
toxicity,-0.14872169784791442,-0.19586610762710208,-0.10157728806872676,-0.1487198784807134,-0.1958642841437855,-0.10157547281764126,-1.8193672010058393e-6,-1.8234833165653441e-6,-1.8152510855018456e-6
reaction_score,0.950807542642319,0.888411537343015,1.013203547941623,0.9508088621231372,0.8884129076202733,1.0132048166260013,-1.3194808181626883e-6,-1.3702772582169231e-6,-1.2686843782194757e-6
log_total_reactions,-0.11514843520831673,-0.15882211614743016,-0.0714747542692033,-0.1151486638380112,-0.15882246192143146,-0.07147486575459099,2.2862969446812986e-7,3.457740012924315e-7,1.1148538768546157e-7
log_author_links,-0.0711588770127205,-0.125632493326654,-0.016685260698787015,-0.07115597379660549,-0.12562982899595204,-0.01668211859725892,-2.9032161150133184e-6,-2.6643307019513784e-6,-3.142101528096075e-6
Economy,0.03443039506469695,-0.0452780281636452,0.1141388182930391,0.03442792077076176,-0.04528042933016334,0.11413627087168686,2.4742939351909965e-6,2.4011665181386532e-6,2.547421352236401e-6
Education,0.11279812411458431,0.03211543193524606,0.19348081629392255,0.11279370485585412,0.03211110619221503,0.1934763035194932,4.419258730195552e-6,4.325743031032003e-6,4.51277442936604e-6
Health,-0.09623744649611408,-0.1899374817183939,-0.002537411273834278,-0.0962385904570408,-0.18993859359587156,-0.00253858731821,1.1439609267221984e-6,1.111877477671941e-6,1.176044375722149e-6
Security,0.07902195980907213,-0.022619988073081368,0.18066390769122564,0.07902643662657009,-0.02261549452800348,0.18066836778114367,-4.476817497961472e-6,-4.493545077886851e-6,-4.460089918029153e-6
Culture,-0.09301981034468289,-0.20308674338163848,0.01704712269227271,-0.09301638936184192,-0.20308329862586327,0.01705051990217944,-3.4209828409653698e-6,-3.4447557752115276e-6,-3.39720990672962e-6
Religion,-0.018227076960533523,-0.09895826399795014,0.0625041100768831,-0.01822342604415164,-0.09895459911394994,0.06250774702564665,-3.6509163818809753e-6,-3.664884000206814e-6,-3.6369487635551367e-6
Disinformation,-0.10049537472454789,-0.19451462817498102,-0.00647612127411476,-0.10050072567578468,-0.1945199708507812,-0.00648148050078817,5.350951236784973e-6,5.342675800185104e-6,5.359226673409996e-6
Election,-0.01077425205206232,-0.1099359950848806,0.08838749098075595,-0.01077524525955727,-0.1099369322688192,0.08838644174970466,9.932074949512565e-7,9.37183938606867e-7,1.0492310512921765e-6
Politics,0.08526009579333604,-0.02634747429106521,0.1968676658777373,0.08526552877986707,-0.02634197489049727,0.1968730324502314,-5.432986531023198e-6,-5.499400567939017e-6,-5.366572494114319e-6
Corruption,0.017492375461925606,-0.08708765793258644,0.12207240885643764,0.01748915617456147,-0.08709079957932676,0.1220691119284497,3.2192873641347097e-6,3.1416467403261317e-6,3.296927987936349e-6
