id,term,mean,sd
final,content_leaning,-0.24030814939015185,0.4314506482787382
final,content_extremity,0.43451483185625867,0.2346613166536162
final,publisher_leaning,-0.313293664522474,0.5992102565153696
final,publisher_extremity,0.5875476715012315,0.33457387477017597
final,rph_delta,0.35949795501094406,0.26914196641086413
final,toxicity,0.1260492160238148,0.1570515327225278
final,reaction_score,0.8716447753440456,0.15998613489461663
final,log_total_reactions,6.018891162284023,1.5866604548389187
final,log_author_links,2.800601523952335,1.6871478099530393
final,Economy,0.1998258155812719,0.21216998143915264
final,Education,0.16680078908134743,0.1900630185097405
final,Health,0.18018327685648924,0.21061191797017456
final,Security,0.22242429893391014,0.2401324593886143
final,Culture,0.18695447380563418,0.2226118714933949
final,Religion,0.14887938404485343,0.19273946295764888
final,Disinformation,0.33674970376771174,0.28456943661192474
final,Election,0.37934244298102054,0.32350322177282964
final,Politics,0.40172534103668583,0.30550005870376523
final,Corruption,0.28973217500804005,0.2407258812396308
no_crp,content_leaning,-0.24030814939015185,0.4314506482787382
no_crp,content_extremity,0.43451483185625867,0.2346613166536162
no_crp,publisher_leaning,-0.313293664522474,0.5992102565153696
no_crp,publisher_extremity,0.5875476715012315,0.33457387477017597
no_crp,rph_delta,0.35949795501094406,0.26914196641086413
no_crp,toxicity,0.1260492160238148,0.1570515327225278
no_crp,log_total_reactions,6.018891162284023,1.5866604548389187
no_crp,log_author_links,2.800601523952335,1.6871478099530393
no_crp,Economy,0.1998258155812719,0.21216998143915264
no_crp,Education,0.16680078908134743,0.1900630185097405
no_crp,Health,0.18018327685648924,0.21061191797017456
no_crp,Security,0.22242429893391014,0.2401324593886143
no_crp,Culture,0.18695447380563418,0.2226118714933949
no_crp,Religion,0.14887938404485343,0.19273946295764888
no_crp,Disinformation,0.33674970376771174,0.28456943661192474
no_crp,Election,0.37934244298102054,0.32350322177282964
no_crp,Politics,0.40172534103668583,0.30550005870376523
no_crp,Corruption,0.28973217500804005,0.2407258812396308
bp2,content_leaning,-0.2387222976851373,0.4273575259698383
bp2,content_extremity,0.4303839927487234,0.2331565190409897
bp2,publisher_leaning,-0.3086015397984858,0.5827221886271615
bp2,publisher_extremity,0.5766244441399585,0.31976238079361835
bp2,rph_delta,0.3621546438354204,0.2755403368080268
bp2,toxicity,0.12566569581478282,0.15775126359321712
bp2,reaction_score,0.8732327711274932,0.1583554835850976
bp2,log_total_reactions,6.082913064880427,1.6081285072993665
bp2,log_author_links,3.047224634654048,1.5315008740240654
bp2,Economy,0.19995750965303066,0.21191221973889698
bp2,Education,0.16702868978584634,0.18973231133468357
bp2,Health,0.18014042962747537,0.21062576460818203
bp2,Security,0.2229508011047808,0.2402998854467529
bp2,Culture,0.18811806856523247,0.22289436584451838
bp2,Religion,0.14907330834601296,0.19320935055641889
bp2,Disinformation,0.3373708409063903,0.28531969542966096
bp2,Election,0.38200440903185007,0.32424498769090293
bp2,Politics,0.4027564061668259,0.3056153363418708
bp2,Corruption,0.29082168076281073,0.24203563608521092
bp5,content_leaning,-0.24595217693017984,0.42001761133013255
bp5,content_extremity,0.4274478561051351,0.23272235151251888
bp5,publisher_leaning,-0.33411588422047284,0.538749277055449
bp5,publisher_extremity,0.5505006380154183,0.3142881194769747
bp5,rph_delta,0.3488931157220677,0.27469576747026864
bp5,toxicity,0.12230169845118208,0.1573615718632459
bp5,reaction_score,0.8712211200827916,0.159363079739253
bp5,log_total_reactions,6.258157819378554,1.6538475999341877
bp5,log_author_links,3.5243417836965114,1.3020518012562807
bp5,Economy,0.20023794010594909,0.2089388689641016
bp5,Education,0.16744362172903707,0.19055469123157448
bp5,Health,0.17930962444466753,0.20792120831751434
bp5,Security,0.2209427896761503,0.2356711012660438
bp5,Culture,0.18618458172616004,0.21905737628777808
bp5,Religion,0.14926037248380863,0.193595936271698
bp5,Disinformation,0.3327592202078222,0.2842570884531477
bp5,Election,0.3813963817228967,0.32281637609388025
bp5,Politics,0.4039497787973836,0.30464169655253925
bp5,Corruption,0.2896618498949024,0.24244401597580006
window,content_leaning,-0.22387581094870185,0.4284894898394772
window,content_extremity,0.4224943339456016,0.23492729018461112
window,publisher_leaning,-0.2968963521516973,0.5950791454172508
window,publisher_extremity,0.573720162672109,0.33623354561767926
window,rph_delta,0.36071671763047924,0.26693122829658383
window,toxicity,0.12255709293461503,0.15391736896642405
window,reaction_score,0.8726597494571499,0.16128664214034172
window,log_total_reactions,6.073909278892233,1.597803773072712
window,log_author_links,2.8778569976499804,1.6917535606448573
window,Economy,0.2014628087446081,0.21058121354755743
window,Education,0.1703168021872213,0.18957419911928278
window,Health,0.1856482774422037,0.21025778993705263
window,Security,0.22734319130930625,0.23986271819287783
window,Culture,0.19084046945865024,0.22032112397746206
window,Religion,0.14903262447354046,0.19304608214993363
window,Disinformation,0.3419887073904189,0.28448999769928024
window,Election,0.39008104721311426,0.3285730089129955
window,Politics,0.4102256817853278,0.3065371794286929
window,Corruption,0.2935169009769718,0.23908846032779055
linkout,content_leaning,-0.2387222976851373,0.4273575259698383
linkout,content_extremity,0.4303839927487234,0.2331565190409897
linkout,publisher_leaning,-0.29409997058608356,0.6009957554244381
linkout,publisher_extremity,0.5800480478463996,0.33343006459042784
linkout,rph_delta,0.4038995780456967,0.32981630782581317
linkout,toxicity,0.12566569581478282,0.15775126359321712
linkout,reaction_score,0.8732327711274932,0.1583554835850976
linkout,log_total_reactions,6.082913064880427,1.6081285072993665
linkout,log_author_links,3.047224634654048,1.5315008740240654
linkout,Economy,0.19995750965303064,0.21191221973889698
linkout,Education,0.1670286897858463,0.18973231133468357
linkout,Health,0.1801404296274753,0.21062576460818205
linkout,Security,0.22295080110478077,0.2402998854467529
linkout,Culture,0.18811806856523244,0.2228943658445184
linkout,Religion,0.14907330834601293,0.19320935055641889
linkout,Disinformation,0.3373708409063903,0.28531969542966096
linkout,Election,0.38200440903185,0.32424498769090293
linkout,Politics,0.4027564061668259,0.3056153363418709
linkout,Corruption,0.29082168076281073,0.24203563608521095
min25,content_leaning,-0.2443990607538661,0.43320502861980936
min25,content_extremity,0.43852102308191604,0.2346781759644433
min25,publisher_leaning,-0.3195527194714538,0.6088607030846247
min25,publisher_extremity,0.6038249816561221,0.3289000138857493
min25,rph_delta,0.3648585458771711,0.27692327000000505
min25,toxicity,0.1298555252519094,0.15962109452284864
min25,reaction_score,0.8724939876587566,0.15823666501056782
min25,log_total_reactions,5.50661638683561,1.7371807552827883
min25,log_author_links,2.709648088911544,1.67672289871174
min25,Economy,0.20392647515230247,0.21647946375039132
min25,Education,0.17030450066052813,0.19211733007731777
min25,Health,0.18330369051959178,0.2150032246025491
min25,Security,0.22704501602104363,0.24462952033838797
min25,Culture,0.19082294609024855,0.2264193443793
min25,Religion,0.1509644179912796,0.19447701503733836
min25,Disinformation,0.3418064337037381,0.28585717614795236
min25,Election,0.3843364688257761,0.3248364953765387
min25,Politics,0.4066959105252773,0.30601802720420335
min25,Corruption,0.29387696156786175,0.24222219372802214
min100,content_leaning,-0.23511401887841743,0.4249787547846278
min100,content_extremity,0.42598047694033137,0.23321814515236128
min100,publisher_leaning,-0.3097156643240836,0.57713198188297965
min100,publisher_extremity,0.5575693256169,0.3436002495478113
min100,rph_delta,0.3563112878531181,0.26347580338811455
min100,toxicity,0.11767682376198764,0.15150034335688653
min100,reaction_score,0.8718721886893822,0.15990503650530388
min100,log_total_reactions,6.529386897043751,1.437678375775042
min100,log_author_links,2.941713603154389,1.694106749161313
min100,Economy,0.1978652127423888,0.20999399351975345
min100,Education,0.16357694712170834,0.18781467298914786
min100,Health,0.1776687959107082,0.20776746990901893
min100,Security,0.2183665802656157,0.23630445085075635
min100,Culture,0.1835469209070692,0.21963105354578316
min100,Religion,0.1469249469424773,0.19215992224181994
min100,Disinformation,0.33047667023164967,0.2815080949102602
min100,Election,0.3738351178986891,0.3208612163783869
min100,Politics,0.3973981972087848,0.30308346759104837
min100,Corruption,0.2863390880776648,0.23873938216541415
