id,group,sd_intercept,sd_toxicity,intercept_slope_correlation
final,account_name,0.29214873270038494,0.15397212088311807,0.4909162902797765
final,collection_name,0.4371003910735806,0.16139918317675583,-0.018727640224417846
no_crp,account_name,0.3159476743912741,0.15453557704963275,0.6334359475309855
no_crp,collection_name,1.0584777998627246,0.12237938168065086,0.0166161462394275
bp2,account_name,0.28863607717442197,0.15168071651318257,0.4178871475273669
bp2,collection_name,0.45099587294986476,0.1588022053673964,0.08694185628019781
bp5,account_name,0.2484767799476307,0.17014996508125438,0.2888261389586669
bp5,collection_name,0.45196206327051863,0.17736987706483873,0.1713371833578614
window,account_name,0.24088377722641968,0.11443156563607725,0.04778327680259503
window,collection_name,0.41317510345534647,0.19296032135186583,-0.0022485902205104337
linkout,account_name,0.2981636602585519,0.14933205081407816,0.3600933031902531
linkout,collection_name,0.4504728808559005,0.1628343122420962,0.11176424129519971
min25,account_name,0.2391009029689755,0.16726470891767534,0.7651221544335066
min25,collection_name,0.40227934097939433,0.18453480653039822,-0.13504097635305337
min100,account_name,0.338201971012946,0.10981054866174365,-0.1061971424432054
min100,collection_name,0.3868319283237988,0.2042888375335103,0.03332492829299806
