id,term,VIF
final,content_leaning,2.059389434856192
final,content_extremity,1.8271543027005774
final,publisher_leaning,1.4094447034553743
final,publisher_extremity,1.298875105019857
final,rph_delta,1.135041819215893
final,toxicity,1.0156761353803854
final,reaction_score,1.091954865969415
final,log_total_reactions,1.048557640140032
final,log_author_links,1.0652342807706145
final,Economy,2.543705132581638
final,Education,2.626424786817679
final,Health,3.2648674411567375
final,Security,3.941398051120792
final,Culture,4.731364329384503
final,Religion,2.60603810398342
final,Disinformation,3.436397717588896
final,Election,3.8704332655466573
final,Politics,4.895958309661287
final,Corruption,4.357578527763732
no_crp,content_leaning,1.7827374861645862
no_crp,content_extremity,1.7184564080149205
no_crp,publisher_leaning,1.2185210322720819
no_crp,publisher_extremity,1.2646284661772138
no_crp,rph_delta,1.1177582373311779
no_crp,toxicity,1.0157840096623616
no_crp,log_total_reactions,1.0557107224035465
no_crp,log_author_links,1.07474784415946
no_crp,Economy,2.384876878324882
no_crp,Education,2.586347899135191
no_crp,Health,3.2367526517194087
no_crp,Security,3.7543057007247405
no_crp,Culture,4.571792669628947
no_crp,Religion,2.6427272205142662
no_crp,Disinformation,3.1785714024618703
no_crp,Election,3.570847719376763
no_crp,Politics,4.591093506412425
no_crp,Corruption,4.082520810886438
bp2,content_leaning,1.9885414866485085
bp2,content_extremity,1.7809094434825639
bp2,publisher_leaning,1.408118641780873
bp2,publisher_extremity,1.2716816284854322
bp2,rph_delta,1.1134156749990942
bp2,toxicity,1.0206836452954393
bp2,reaction_score,1.0889575120938924
bp2,log_total_reactions,1.0551646405955948
bp2,log_author_links,1.0956922455919769
bp2,Economy,2.5245784282748347
bp2,Education,2.635272027631836
bp2,Health,3.2626108756887837
bp2,Security,3.8916589818037983
bp2,Culture,4.6768361787640815
bp2,Religion,2.5863201335675874
bp2,Disinformation,3.449106234531821
bp2,Election,3.872827156687214
bp2,Politics,4.900865804675018
bp2,Corruption,4.342483930527946
bp5,content_leaning,1.9836491341909723
bp5,content_extremity,1.752186091362522
bp5,publisher_leaning,1.584713134098801
bp5,publisher_extremity,1.4745621432904605
bp5,rph_delta,1.0998541617822848
bp5,toxicity,1.0292815308698815
bp5,reaction_score,1.0793540286111265
bp5,log_total_reactions,1.0509583137978251
bp5,log_author_links,1.0762597466246546
bp5,Economy,2.484838426769549
bp5,Education,2.61103818579111
bp5,Health,3.4100198465871547
bp5,Security,3.850442012212239
bp5,Culture,4.550136835305673
bp5,Religion,2.511023235234254
bp5,Disinformation,3.4041120000191496
bp5,Election,3.8662285237314715
bp5,Politics,4.932442904971593
bp5,Corruption,4.299919356482977
window,content_leaning,2.104017830145382
window,content_extremity,1.850918259557061
window,publisher_leaning,1.4252578545238783
window,publisher_extremity,1.3114243155614373
window,rph_delta,1.1559953259955964
window,toxicity,1.0098598556930112
window,reaction_score,1.0900837697802739
window,log_total_reactions,1.0555079223275483
window,log_author_links,1.0539967608219543
window,Economy,2.5882489722316224
window,Education,2.6436391592475332
window,Health,3.4473481747025367
window,Security,4.061093095518501
window,Culture,4.849204407789441
window,Religion,2.7099007156438866
window,Disinformation,3.5008567871831
window,Election,4.0488499983060136
window,Politics,5.104298131201302
window,Corruption,4.4957479106733285
linkout,content_leaning,1.8555034658008656
linkout,content_extremity,1.7490998408932816
linkout,publisher_leaning,1.2627800653367358
linkout,publisher_extremity,1.226884103603733
linkout,rph_delta,1.2305795528881265
linkout,toxicity,1.0175601967788706
linkout,reaction_score,1.088569000987838
linkout,log_total_reactions,1.053071147817735
linkout,log_author_links,1.1433766610257166
linkout,Economy,2.523834067356355
linkout,Education,2.630268036885097
linkout,Health,3.262493235187021
linkout,Security,3.8901511414618177
linkout,Culture,4.681278047842633
linkout,Religion,2.587200987521633
linkout,Disinformation,3.44975828097465
linkout,Election,3.8779459626946227
linkout,Politics,4.903587571295665
linkout,Corruption,4.340573207823194
min25,content_leaning,2.1433761911308706
min25,content_extremity,1.8719231973670483
min25,publisher_leaning,1.4459928132421251
min25,publisher_extremity,1.304078259637292
min25,rph_delta,1.1386366030284776
min25,toxicity,1.0304028862549435
min25,reaction_score,1.0994704249099
min25,log_total_reactions,1.0555493927886601
min25,log_author_links,1.0918507519421807
min25,Economy,2.4946322578020346
min25,Education,2.6688494527995426
min25,Health,3.274432794710087
min25,Security,4.053855286383933
min25,Culture,5.003172963090785
min25,Religion,2.6753737852841666
min25,Disinformation,3.5172532476453076
min25,Election,3.9141702011339343
min25,Politics,4.966209962987869
min25,Corruption,4.44909656171722
min100,content_leaning,2.0053062504929056
min100,content_extremity,1.7606281547003426
min100,publisher_leaning,1.4192536621896903
min100,publisher_extremity,1.2876016378934259
min100,rph_delta,1.110610133163264
min100,toxicity,1.009108307771439
min100,reaction_score,1.0911510456324325
min100,log_total_reactions,1.0431105710867887
min100,log_author_links,1.0443826301034451
min100,Economy,2.5274233728604525
min100,Education,2.6812777185355996
min100,Health,3.34154538018034
min100,Security,3.9164138452689126
min100,Culture,4.5735922980165515
min100,Religion,2.5022515570515957
min100,Disinformation,3.4141519836087384
min100,Election,3.915177030158526
min100,Politics,4.911253309597355
min100,Corruption,4.311030791245798
